,,event,position,timestamp,status,rate
0,0,0,0,1,1,1.0
0,1,1,14,14,0,1.0
0,2,0,14,158,1,1.0
0,3,4,31,176,1,1.25
1,0,0,0,1,1,1.0
1,1,4,5,7,1,2.0
2,0,0,0,1,1,1.0
2,1,4,1,3,1,1.25
3,0,0,0,1,1,1.0
3,1,4,8,10,1,1.25
4,0,0,0,1,1,1.0
4,1,4,1,3,1,1.25
5,0,0,0,1,1,1.0
5,1,4,261,5,1,1.5
6,0,0,0,1,1,1.0
6,1,4,5,7,1,1.25
7,0,0,0,1,1,1.0
7,1,4,5,7,1,1.25
8,0,0,0,1,1,1.0
8,1,4,3,5,1,1.25
8,2,6,12,12,1,1.0
9,0,0,0,1,1,1.0
9,1,1,7,8,0,1.0
9,2,0,7,136,1,1.0
9,3,4,36,165,1,1.25
9,4,1,38,166,0,1.25
9,5,0,38,169,1,1.25
9,6,6,39,171,1,1.0
10,0,0,0,1,1,1.0
10,1,4,1,3,1,1.25
11,0,0,0,1,1,1
11,1,1,8,8,0,1
11,2,0,8,18,1,1
11,3,1,26,36,0,1
11,4,0,26,68,1,1
12,0,0,0,1,1,1
12,1,1,28,28,0,1
12,2,0,28,105,1,1
12,3,1,66,142,0,1
12,4,0,66,535,1,1
12,5,2,60,544,1,1
12,6,1,66,552,0,1
12,7,0,66,640,1,1
12,8,1,98,671,0,1
12,9,0,98,1013,1,1
12,10,1,142,1056,0,1
12,11,0,142,1355,1,1
13,0,0,0,1,1,1.0
13,1,1,31,31,0,1.0
13,2,0,31,53,1,1.0
13,3,4,91,113,1,1.25
14,0,0,0,1,1,1.0
14,1,4,5,7,1,1.25
15,0,0,0,1,1,1
15,1,1,10,11,0,1
15,2,2,2,53,0,1
15,3,1,10,61,0,1
15,4,0,10,133,1,1
15,5,1,25,148,0,1
15,6,2,21,151,0,1
15,7,1,21,151,0,1
15,8,0,21,190,1,1
15,9,1,87,255,0,1
15,10,0,87,276,1,1
15,11,1,141,328,0,1
15,12,0,141,336,1,1
15,13,2,139,369,1,1
15,14,2,118,374,1,1
15,15,2,124,399,1,1
16,0,0,0,1,1,1
16,1,1,8,9,0,1
16,2,0,8,42,1,1
17,0,0,0,1,1,1.0
17,1,4,72,75,1,1.25
18,0,0,11,162,1,1
18,1,1,46,196,0,1
18,2,0,46,237,1,1
20,0,0,0,1,1,1.0
20,1,1,23,23,0,1.0
20,2,0,23,45,1,1.0
20,3,2,114,148,1,1.0
20,4,1,117,155,0,1.0
20,5,0,117,266,1,1.0
20,6,4,127,277,1,1.5
20,7,4,132,282,1,1.25
21,0,0,0,1,1,1
21,1,1,17,19,0,1
21,2,0,17,76,1,1
22,0,0,0,1,1,1
23,0,0,0,1,1,1.0
23,1,4,1,3,1,1.25
24,0,0,0,1,1,1.0
24,1,4,2,4,1,1.25
25,0,0,0,1,1,1
25,1,1,9,9,0,1
25,2,0,9,24,1,1
25,3,2,20,39,1,1
25,4,2,18,44,1,1
25,5,1,18,44,0,1
25,6,0,18,52,1,1
26,0,0,0,1,1,1.0
26,1,1,1,2,0,1.0
26,2,0,1,4,1,1.0
26,3,4,6,10,1,1.25
27,0,0,0,0,1,1.0
27,1,4,0,1,1,1.5
28,0,0,0,1,1,1.0
28,1,1,30,30,0,1.0
28,2,0,30,62,1,1.0
28,3,1,49,82,0,1.0
28,4,0,49,85,1,1.0
28,5,1,62,97,0,1.0
28,6,0,62,99,1,1.0
28,7,1,98,135,0,1.0
28,8,0,98,190,1,1.0
28,9,4,137,229,1,1.25
29,0,0,0,1,1,1.0
29,1,4,2,4,1,1.25
30,0,0,0,1,1,1
30,1,1,6,7,0,1
31,0,0,0,1,1,1.0
31,1,4,17,18,1,1.5
32,0,0,0,0,1,1.0
32,1,4,0,1,1,1.5
34,0,0,0,1,1,1.0
34,1,4,1,3,1,1.5
36,0,0,0,1,1,1.0
36,1,4,6,8,1,1.5
37,0,0,0,1,1,1
38,0,0,0,1,1,1.0
38,1,4,5,7,1,1.25
40,0,0,0,1,1,1
41,0,0,0,1,1,1
42,0,0,0,1,1,1
42,1,1,36,36,0,1
42,2,0,36,68,1,1
43,0,0,0,1,1,1
44,0,0,0,1,1,1
45,0,0,0,1,1,1
45,1,1,13,13,0,1
45,2,0,13,52,1,1
46,0,0,0,1,1,1
47,0,0,0,1,1,1
48,0,0,0,1,1,1
49,0,0,0,1,1,1
49,1,2,136,219,1,1
49,2,3,224,221,1,1
50,0,0,0,1,1,1.0
50,1,4,84,85,1,1.5
51,0,0,0,1,1,1.0
51,1,4,1,3,1,1.25
52,0,0,0,1,1,1.0
52,1,4,4,6,1,1.25
53,0,0,0,1,1,1.0
53,1,4,2,4,1,1.25
56,0,0,7,13,1,1
56,1,3,430,15,1,1
56,2,2,17,18,1,1
56,3,3,423,20,1,1
56,4,2,11,21,1,1
56,5,2,33,52,1,1
56,6,2,32,57,1,1
56,7,2,30,63,1,1
56,8,1,228,262,0,1
56,9,0,228,264,1,1
56,10,2,217,268,1,1
56,11,1,227,279,0,1
56,12,0,227,282,1,1
56,13,2,222,289,1,1
56,14,1,227,295,0,1
56,15,0,227,299,1,1
56,16,1,228,300,0,1
56,17,0,228,302,1,1
56,18,2,222,306,1,1
56,19,2,299,393,1,1
57,0,0,0,1,1,1
57,1,1,13,14,0,1
57,2,0,13,46,1,1
57,3,1,30,63,0,1
57,4,0,30,76,1,1
57,5,1,33,79,0,1
57,6,0,33,88,1,1
57,7,1,38,93,0,1
57,8,0,38,103,1,1
57,9,1,58,123,0,1
57,10,0,58,152,1,1
57,11,1,60,154,0,1
57,12,0,60,158,1,1
57,13,1,65,163,0,1
57,14,0,65,192,1,1
57,15,1,84,211,0,1
57,16,0,84,296,1,1
57,17,2,129,347,1,1
57,18,1,130,348,0,1
57,19,0,130,381,1,1
57,20,2,195,451,1,1
57,21,1,230,486,0,1
57,22,0,230,556,1,1
58,0,0,0,0,1,1.0
58,1,4,0,1,1,1.5
59,0,0,0,1,1,1.0
59,1,4,3,5,1,1.5
60,0,0,0,0,1,1.0
60,1,4,0,1,1,2.0
61,0,0,0,1,1,1.0
61,1,4,8,18,1,2.0
62,0,0,0,1,1,1
62,1,3,209,6,1,1
62,2,1,209,7,0,1
62,3,0,209,11,1,1
62,4,2,210,16,1,1
62,5,3,309,17,1,1
63,0,0,0,0,1,1.0
63,1,4,0,1,1,2.0
64,0,0,0,1,1,1.0
64,1,4,6,8,1,1.5
65,0,0,0,1,1,1.0
65,1,4,5,7,1,1.25
65,2,1,11,11,0,1.25
65,3,0,11,49,1,1.25
65,4,4,13,52,1,1.5
66,0,0,0,0,1,1.0
66,1,4,0,1,1,1.5
67,0,0,0,0,1,1.0
67,1,4,0,1,1,1.5
68,0,0,0,1,1,1.0
68,1,4,1,3,1,2.0
69,0,0,0,1,1,1
69,1,1,150,149,0,1
69,2,0,150,165,1,1
70,0,0,0,2,1,1
71,0,0,0,1,1,1.0
71,1,1,32,32,0,1.0
71,2,0,32,36,1,1.0
71,3,4,38,43,1,1.5
73,0,0,0,1,1,1.0
73,1,1,6,7,0,1.0
73,2,0,6,16,1,1.0
73,3,4,9,20,1,1.5
74,0,0,0,1,1,1.0
74,1,4,6,8,1,1.5
75,0,0,0,1,1,1.0
75,1,1,5,6,0,1.0
75,2,0,5,14,1,1.0
75,3,4,14,24,1,1.5
77,0,0,0,1,1,1.0
77,1,1,26,19,0,1.0
77,2,0,26,22,1,1.0
77,3,2,91,95,1,1.0
77,4,2,64,102,1,1.0
77,5,1,64,102,0,1.0
77,6,3,91,105,0,1.0
77,7,0,131,144,1,1.0
77,8,1,147,155,0,1.0
77,9,0,147,157,1,1.0
77,10,1,161,167,0,1.0
77,11,0,161,169,1,1.0
77,12,1,165,172,0,1.0
77,13,0,165,174,1,1.0
77,14,2,0,185,1,1.0
77,15,4,3,188,1,1.5
78,0,0,0,1,1,1.0
78,1,4,2,4,1,1.5
80,0,0,0,1,1,1.0
80,1,4,5,7,1,1.5
81,0,0,0,1,1,1
81,1,3,191,3,1,1
82,0,0,0,1,1,1.0
82,1,4,5,7,1,1.5
83,0,0,0,0,1,1.0
83,1,4,0,1,1,2.0
84,0,0,0,1,1,1.0
84,1,4,5,7,1,1.5
85,0,0,0,0,1,1.0
85,1,4,0,1,1,1.5
86,0,0,0,1,1,1.0
86,1,4,4,6,1,1.5
87,0,0,0,0,1,1.0
87,1,4,0,1,1,1.5
89,0,0,0,1,1,1
89,1,1,6,7,0,1
89,2,3,21,43,0,1
89,3,2,6,44,0,1
89,4,1,6,44,0,1
89,5,0,6,46,1,1
89,6,1,121,162,0,1
89,7,3,136,214,0,1
89,8,2,92,217,0,1
89,9,1,138,264,0,1
89,10,2,123,274,0,1
89,11,1,136,288,0,1
89,12,0,136,337,1,1
89,13,1,140,341,0,1
89,14,0,140,415,1,1
89,15,1,149,424,0,1
89,16,0,149,461,1,1
89,17,1,166,478,0,1
89,18,0,166,508,1,1
90,0,0,0,1,1,1
90,1,1,31,32,0,1
90,2,0,31,120,1,1
90,3,1,34,123,0,1
90,4,0,34,137,1,1
90,5,1,36,139,0,1
90,6,0,36,149,1,1
90,7,2,63,192,1,1
90,8,1,106,235,0,1
90,9,0,106,250,1,1
90,10,2,113,302,1,1
90,11,1,159,350,0,1
90,12,0,159,366,1,1
90,13,2,287,509,1,1
90,14,1,299,521,0,1
90,15,0,299,578,1,1
90,16,1,350,629,0,1
90,17,0,350,658,1,1
90,18,2,332,686,1,1
90,19,1,332,689,0,1
90,20,0,332,806,1,1
91,0,0,0,1,1,1
91,1,3,27,13,1,1
91,2,2,0,16,1,1
91,3,1,1,17,0,1
91,4,2,0,140,0,1
91,5,1,0,140,0,1
91,6,0,0,157,1,1
91,7,2,2,175,1,1
92,0,0,0,1,1,1
92,1,1,69,69,0,1
92,2,0,69,81,1,1
92,3,2,97,130,1,1
92,4,1,117,151,0,1
92,5,0,117,196,1,1
92,6,1,121,201,0,1
92,7,0,121,207,1,1
92,8,1,168,254,0,1
92,9,0,168,259,1,1
92,10,2,251,353,1,1
93,0,0,0,1,1,1
93,1,1,282,281,0,1
93,2,0,282,287,1,1
94,0,0,0,1,1,1
95,0,0,0,1,1,1
95,1,2,54,71,1,1
96,0,0,0,1,1,1.0
96,1,4,38,39,1,1.5
96,2,4,91,76,1,2.0
96,3,3,99,79,1,2.0
96,4,4,281,171,1,1.25
96,5,6,286,175,1,1.0
96,6,5,286,175,1,0.5
96,7,6,287,176,1,1.0
96,8,4,288,178,1,1.25
96,9,1,278,180,0,1.25
96,10,0,278,192,1,1.25
96,11,2,328,238,1,1.25
96,12,1,328,241,0,1.25
96,13,0,328,245,1,1.25
96,14,4,344,259,1,1.5
96,15,4,398,295,1,2.0
97,0,0,0,1,1,1
98,0,0,0,1,1,1
99,0,0,0,1,1,1
99,1,2,0,93,1,1
99,2,1,134,227,0,1
99,3,0,134,279,1,1
99,4,1,141,286,0,1
99,5,0,141,291,1,1
100,0,0,0,1,1,1.0
100,1,4,5,7,1,1.5
101,0,0,0,1,1,1
102,0,0,0,1,1,1
103,0,0,0,1,1,1
104,0,0,0,1,1,1
105,0,0,0,1,1,1
106,0,0,0,1,1,1
107,0,0,0,1,1,1
108,0,0,0,1,1,1
109,0,0,0,1,1,1
109,1,2,49,61,1,1
110,0,0,0,1,1,1
111,0,0,0,1,1,1
112,0,0,0,1,1,1
112,1,2,66,124,1,1
113,0,0,0,1,1,1.0
113,1,1,4,5,0,1.0
113,2,0,4,27,1,1.0
113,3,4,23,47,1,2.0
114,0,0,0,1,1,1.0
114,1,4,3,5,1,1.25
115,0,0,0,1,1,1.0
115,1,4,202,204,1,1.25
116,0,0,0,1,1,1
116,1,2,69,85,1,1
117,0,0,0,1,1,1
117,1,1,397,395,0,1
117,2,0,397,468,1,1
118,0,0,0,1,1,1
118,1,2,30,44,1,1
118,2,2,13,50,1,1
119,0,0,0,1,1,1.0
119,1,4,1,3,1,2.0
120,0,0,0,1,1,1
121,0,0,0,1,1,1
122,0,0,0,1,1,1.0
122,1,4,2,4,1,2.0
123,0,0,0,1,1,1
124,0,0,0,1,1,1
125,0,0,0,1,1,1
125,1,3,152,37,1,1
125,2,2,0,38,1,1
125,3,3,153,41,1,1
126,0,0,0,1,1,1
127,0,0,0,1,1,1
128,0,0,0,1,1,1.0
128,1,4,39,40,1,2.0
129,0,0,0,1,1,1.0
129,1,3,18,3,1,1.0
129,2,2,2,6,1,1.0
129,3,6,7,13,1,1.0
129,4,4,8,14,1,2.0
130,0,0,0,1,1,1
131,0,0,0,1,1,1.0
131,1,4,55,56,1,2.0
132,0,0,0,1,1,1
132,1,1,39,39,0,1
132,2,0,39,99,1,1
132,3,1,44,103,0,1
132,4,0,44,106,1,1
132,5,1,71,132,0,1
132,6,0,71,227,1,1
132,7,3,130,237,1,1
133,0,0,0,1,1,1
133,1,2,0,54,1,1
134,0,0,0,1,1,1
135,0,0,0,1,1,1.0
135,1,4,178,177,1,2.0
136,0,0,0,1,1,1
136,1,3,307,21,1,1
137,0,0,0,1,1,1
137,1,1,52,52,0,1
137,2,0,52,65,1,1
138,0,0,0,1,1,1.0
138,1,4,9,11,1,2.0
139,0,0,0,1,1,1
140,0,0,0,1,1,1.0
140,1,4,13,14,1,2.0
141,0,0,0,1,1,1
141,1,2,4,19,1,1
141,2,1,13,29,0,1
141,3,0,13,338,1,1
141,4,1,25,350,0,1
141,5,0,25,480,1,1
141,6,1,60,515,0,1
141,7,0,60,518,1,1
141,8,1,246,702,0,1
141,9,0,246,729,1,1
145,0,0,0,1,1,1.0
145,1,4,14,15,1,1.25
145,2,2,48,99,1,1.25
145,3,4,149,180,1,1.5
146,0,0,0,0,1,1.0
146,1,4,0,1,1,1.5
147,0,0,0,0,1,1.0
147,1,4,0,1,1,1.25
148,0,0,0,1,1,1.0
148,1,4,75,76,1,2.0
149,0,0,0,1,1,1
150,0,0,0,1,1,1
150,1,1,44,44,0,1
150,2,0,44,81,1,1
150,3,2,13,180,1,1
150,4,3,40,188,1,1
150,5,3,164,243,1,1
151,0,0,0,1,1,1.0
151,1,4,11,13,1,1.5
152,0,0,0,1,1,1
153,0,0,0,1,1,1
153,1,1,47,47,0,1
153,2,0,47,62,1,1
154,0,0,0,1,1,1
155,0,0,0,1,1,1
155,1,2,15,24,1,1
156,0,0,0,1,1,1
157,0,0,0,1,1,1
157,1,1,54,54,0,1
157,2,0,54,56,1,1
158,0,0,0,1,1,1
158,1,1,3,4,0,1
158,2,0,3,350,1,1
158,3,1,13,360,0,1
158,4,0,13,380,1,1
159,0,0,0,1,1,1
160,0,0,0,1,1,1.0
160,1,4,2,4,1,1.25
161,0,0,0,1,1,1.0
161,1,4,2,4,1,1.25
161,2,2,8,246,1,1.25
161,3,1,8,247,0,1.25
161,4,3,285,254,0,1.25
161,5,2,283,259,0,1.25
161,6,3,297,260,0,1.25
161,7,4,302,265,0,2.0
162,0,0,0,0,1,1.0
162,1,4,0,1,1,1.25
163,0,0,0,0,1,1.0
163,1,4,0,1,1,1.25
163,2,4,163,131,1,1.5
163,3,4,173,138,1,2.0
165,0,0,0,1,1,1.0
165,1,4,5,7,1,1.25
166,0,0,0,1,1,1.0
166,1,4,4,6,1,1.25
167,0,0,0,1,1,1.0
167,1,4,68,70,1,1.25
168,0,0,0,1,1,1.0
168,1,4,5,7,1,1.25
169,0,0,0,1,1,1.0
169,1,1,2,3,0,1.0
169,2,0,2,96,1,1.0
169,3,1,12,106,0,1.0
169,4,0,12,257,1,1.0
169,5,4,44,290,1,1.25
170,0,0,0,1,1,1.0
170,1,4,2,4,1,1.25
171,0,0,0,1,1,1.0
171,1,4,19,21,1,1.25
173,0,0,0,1,1,1.0
173,1,4,4,6,1,1.25
174,0,0,0,1,1,1.0
174,1,4,6,8,1,1.25
175,0,0,0,1,1,1.0
175,1,4,8,10,1,1.25
176,0,0,0,1,1,1.0
176,1,4,2,4,1,1.25
177,0,0,0,12,1,1.0
177,1,2,5,19,1,1.0
177,2,1,5,19,0,1.0
177,3,4,7,22,0,1.25
177,4,4,14,28,0,1.5
178,0,0,0,1,1,1.0
178,1,4,29,31,1,1.5
178,2,4,37,36,1,1.25
180,0,0,0,1,1,1
181,0,0,0,1,1,1.0
181,1,4,16,19,1,1.25
182,0,0,0,1,1,1
183,0,0,0,1,1,1.0
183,1,4,9,11,1,1.5
184,0,0,0,1,1,1.0
184,1,4,6,8,1,1.5
185,0,0,0,1,1,1.0
185,1,4,8,10,1,1.25
186,0,0,0,1,1,1
186,1,3,190,6,1,1
187,0,0,0,1,1,1
187,1,1,160,161,0,1
187,2,0,160,187,1,1
188,0,0,0,1,1,1.0
188,1,4,2,4,1,1.25
189,0,0,0,1,1,1.0
189,1,4,3,5,1,1.5
190,0,0,0,1,1,1.0
190,1,4,4,6,1,1.25
191,0,0,0,1,1,1.0
191,1,4,1,3,1,1.25
191,2,4,183,149,1,1.5
192,0,0,0,1,1,1.0
192,1,4,2,4,1,1.25
194,0,0,0,1,1,1.0
194,1,4,2,4,1,1.25
195,0,0,0,1,1,1.0
195,1,1,1,2,0,1.0
195,2,0,1,22,1,1.0
195,3,2,77,108,1,1.0
195,4,2,49,113,1,1.0
195,5,4,95,154,1,1.25
195,6,6,169,213,1,1.0
196,0,0,0,1,1,1
196,1,3,433,4,1,1
197,0,0,0,1,1,1.0
197,1,4,1,3,1,1.5
198,0,0,0,1,1,1.0
198,1,1,5,6,0,1.0
198,2,0,5,114,1,1.0
198,3,4,9,126,1,1.5
199,0,0,0,1,1,1.0
199,1,4,5,7,1,1.5
200,0,0,0,1,1,1.0
200,1,4,1,3,1,1.5
201,0,0,0,1,1,1.0
201,1,4,29,32,1,1.5
202,0,0,0,1,1,1.0
202,1,4,1,3,1,1.5
203,0,0,0,1,1,1
203,1,3,7,4,1,1
203,2,3,15,10,1,1
203,3,1,18,13,0,1
203,4,0,18,22,1,1
203,5,3,47,27,1,1
203,6,3,71,41,1,1
203,7,2,68,43,1,1
203,8,3,74,45,1,1
203,9,2,70,54,1,1
203,10,3,88,56,1,1
203,11,3,95,62,1,1
203,12,3,130,86,1,1
203,13,3,155,93,1,1
203,14,3,176,106,1,1
203,15,3,242,119,1,1
203,16,3,283,146,1,1
203,17,3,324,160,1,1
203,18,3,335,165,1,1
203,19,3,344,170,1,1
203,20,3,389,176,1,1
203,21,3,425,181,1,1
203,22,3,464,188,1,1
204,0,0,0,1,1,1.0
204,1,4,3,5,1,1.5
205,0,0,0,1,1,1
206,0,0,0,1,1,1.0
206,1,4,4,6,1,1.25
207,0,0,0,1,1,1.0
207,1,4,1,3,1,1.5
208,0,0,0,1,1,1.0
208,1,4,61,62,1,1.5
211,0,0,0,1,1,1.0
211,1,4,118,118,1,1.5
213,0,0,0,1,1,1
213,1,3,133,9,1,1
214,0,0,0,1,1,1.0
214,1,4,1,3,1,1.5
216,0,0,0,1,1,1.0
216,1,4,2,4,1,1.5
219,0,0,0,1,1,1.0
219,1,4,4,6,1,1.5
220,0,0,0,1,1,1
220,1,3,164,4,1,1
221,0,0,0,1,1,1.0
221,1,4,2,4,1,1.5
222,0,0,0,1,1,1
222,1,3,189,6,1,1
223,0,0,0,0,1,1.0
223,1,4,0,1,1,1.5
225,0,0,0,0,1,1.0
225,1,4,0,1,1,1.5
228,0,0,0,0,1,1.0
228,1,4,0,1,1,1.25
229,0,0,0,1,1,1.0
229,1,4,5,7,1,1.25
230,0,0,0,1,1,1.0
230,1,4,1,3,1,1.5
231,0,0,0,1,1,1.0
231,1,4,6,8,1,2.0
231,2,4,30,20,1,1.25
231,3,4,58,42,1,2.0
232,0,0,0,1,1,1
232,1,1,8,9,0,1
232,2,0,8,58,1,1
232,3,1,52,102,0,1
232,4,0,52,214,1,1
232,5,1,162,324,0,1
232,6,0,162,356,1,1
232,7,2,191,397,1,1
232,8,2,172,402,1,1
233,0,0,0,1,1,1
233,1,1,15,15,0,1
233,2,2,12,18,0,1
233,3,1,12,18,0,1
233,4,0,12,103,1,1
233,5,2,67,162,1,1
233,6,1,67,162,0,1
233,7,0,67,197,1,1
233,8,1,85,215,0,1
233,9,0,85,410,1,1
233,10,1,129,454,0,1
233,11,0,129,490,1,1
233,12,2,194,570,1,1
233,13,1,195,572,0,1
233,14,0,195,656,1,1
233,15,1,292,753,0,1
233,16,2,285,788,0,1
233,17,1,292,795,0,1
233,18,3,300,806,0,1
234,0,0,0,1,1,1
234,1,3,167,15,1,1
235,0,0,0,1,1,1
235,1,1,2,3,0,1
235,2,0,2,37,1,1
235,3,1,6,41,0,1
235,4,0,6,56,1,1
236,0,0,0,1,1,1
236,1,3,39,7,1,1
236,2,1,58,29,0,1
236,3,0,58,308,1,1
237,0,0,0,1,1,1
237,1,1,7,8,0,1
237,2,0,7,62,1,1
237,3,1,29,84,0,1
237,4,0,29,152,1,1
237,5,1,42,165,0,1
237,6,3,48,172,0,1
237,7,2,22,174,0,1
237,8,1,22,175,0,1
237,9,0,22,180,1,1
237,10,3,40,186,1,1
237,11,1,42,189,0,1
237,12,0,42,222,1,1
237,13,1,66,246,0,1
237,14,0,66,351,1,1
237,15,1,74,359,0,1
237,16,0,74,558,1,1
237,17,1,248,731,0,1
237,18,0,248,803,1,1
237,19,2,277,836,1,1
237,20,1,278,837,0,1
237,21,0,278,1013,1,1
237,22,1,281,1016,0,1
237,23,0,281,1072,1,1
237,24,2,294,1139,1,1
237,25,1,295,1143,0,1
237,26,0,295,1168,1,1
237,27,3,336,1173,1,1
237,28,1,337,1175,0,1
237,29,0,337,1589,1,1
237,30,1,389,1641,0,1
237,31,0,389,1705,1,1
238,0,0,0,1,1,1
238,1,1,4,5,0,1
238,2,0,4,33,1,1
238,3,2,0,92,1,1
238,4,3,59,94,1,1
238,5,1,59,94,0,1
238,6,0,59,233,1,1
239,0,0,0,1,1,1
239,1,1,9,10,0,1
239,2,0,9,12,1,1
239,3,1,28,31,0,1
239,4,0,28,71,1,1
239,5,2,36,82,1,1
239,6,1,36,82,0,1
239,7,0,36,110,1,1
239,8,1,57,131,0,1
239,9,0,57,203,1,1
239,10,2,63,215,1,1
239,11,1,63,219,0,1
239,12,0,63,353,1,1
239,13,1,89,379,0,1
239,14,0,89,414,1,1
239,15,1,147,472,0,1
239,16,0,147,511,1,1
239,17,1,150,514,0,1
239,18,0,150,559,1,1
240,0,0,0,1,1,1
240,1,1,7,8,0,1
240,2,0,7,31,1,1
240,3,2,74,101,1,1
240,4,3,96,102,1,1
240,5,2,98,112,1,1
240,6,3,123,114,1,1
240,7,1,323,314,0,1
240,8,0,323,332,1,1
240,9,1,410,419,0,1
240,10,0,410,422,1,1
240,11,1,465,477,0,1
240,12,0,465,496,1,1
241,0,0,0,1,1,1
241,1,1,7,8,0,1
241,2,0,7,37,1,1
241,3,1,38,68,0,1
241,4,0,38,117,1,1
241,5,1,109,188,0,1
241,6,0,109,302,1,1
242,0,0,0,1,1,1
242,1,1,13,14,0,1
242,2,0,13,317,1,1
242,3,1,65,369,0,1
242,4,0,65,397,1,1
242,5,1,107,439,0,1
242,6,2,103,488,0,1
242,7,1,106,492,0,1
242,8,0,106,509,1,1
242,9,1,124,527,0,1
242,10,0,124,569,1,1
242,11,1,156,601,0,1
242,12,0,156,627,1,1
242,13,1,161,632,0,1
242,14,0,161,679,1,1
242,15,1,229,747,0,1
242,16,0,229,776,1,1
243,0,0,0,1,1,1
243,1,1,71,72,0,1
243,2,2,0,129,0,1
243,3,2,62,207,0,1
243,4,3,68,208,0,1
243,5,1,69,209,0,1
243,6,0,69,255,1,1
243,7,1,147,333,0,1
243,8,0,147,423,1,1
243,9,2,170,460,1,1
243,10,1,194,485,0,1
243,11,0,194,508,1,1
244,0,0,0,1,1,1
245,0,0,0,1,1,1
245,1,1,97,98,0,1
245,2,0,97,148,1,1
245,3,1,238,289,0,1
245,4,0,238,304,1,1
246,0,0,0,1,1,1
247,0,0,0,1,1,1
247,1,1,8,9,0,1
247,2,2,3,18,0,1
247,3,0,5,51,1,1
247,4,2,133,191,1,1
248,0,0,0,1,1,1
248,1,2,104,108,1,1
248,2,1,159,163,0,1
248,3,0,159,175,1,1
248,4,2,182,208,1,1
250,0,0,0,1,1,1.0
250,1,4,2,4,1,1.5
251,0,0,0,1,1,1
252,0,0,0,1,1,1
253,0,0,0,1,1,1
254,0,0,0,1,1,1
255,0,0,0,1,1,1
256,0,0,0,1,1,1
257,0,0,0,1,1,1
258,0,0,0,1,1,1
259,0,0,0,1,1,1
260,0,0,0,1,1,1
261,0,0,0,1,1,1
262,0,0,0,1,1,1
263,0,0,0,1,1,1
264,0,0,0,1,1,1.0
264,1,4,146,146,1,1.5
265,0,0,0,1,1,1.0
265,1,4,4,6,1,1.5
266,0,0,0,0,1,1.0
266,1,4,0,1,1,1.5
267,0,0,0,1,1,1.0
267,1,4,1,3,1,1.5
268,0,0,0,1,1,1
269,0,0,0,1,1,1.0
269,1,4,39,41,1,1.25
270,0,0,0,1,1,1.0
270,1,4,1,3,1,1.5
271,0,0,0,1,1,1.0
271,1,4,8,10,1,2.0
272,0,0,0,0,1,1.0
272,1,4,0,1,1,2.0
273,0,0,0,1,1,1.0
273,1,4,2,4,1,2.0
274,0,0,0,1,1,1.0
274,1,4,12,14,1,1.5
275,0,0,0,1,1,1.0
275,1,4,2,4,1,1.5
276,0,0,0,1,1,1.0
276,1,4,8,10,1,2.0
276,2,4,18,15,1,1.5
277,0,0,0,1,1,1.0
277,1,4,3,3,1,1.5
278,0,0,0,0,1,1.0
278,1,4,0,1,1,1.5
279,0,0,0,1,1,1.0
279,1,4,49,50,1,1.5
280,0,0,0,1,1,1.0
280,1,4,3,5,1,1.25
281,0,0,0,0,1,1.0
281,1,4,0,1,1,1.25
282,0,0,0,1,1,1.0
282,1,4,2,4,1,1.5
283,0,0,0,1,1,1.0
283,1,4,5,3,1,1.5
288,0,0,0,1,1,1
288,1,1,6,7,0,1
288,2,0,6,55,1,1
288,3,0,58,138,1,1
288,4,2,65,159,1,1
288,5,0,82,177,1,1
288,6,1,99,190,0,1
288,7,2,76,206,0,1
288,8,1,158,273,0,1
288,9,0,158,284,1,1
288,10,1,209,325,0,1
288,11,0,209,341,1,1
288,12,1,248,372,0,1
288,13,0,248,386,1,1
288,14,1,309,437,0,1
290,0,0,0,1,1,1
292,0,0,0,1,1,1
292,1,1,13,15,0,1
292,2,0,13,17,1,1
292,3,1,58,62,0,1
292,4,0,58,64,1,1
292,5,1,216,195,0,1
292,6,0,216,197,1,1
292,7,1,274,242,0,1
292,8,0,274,244,1,1
292,9,1,297,263,0,1
292,10,0,297,265,1,1
292,11,3,341,296,1,1
292,12,1,444,374,0,1
292,13,0,444,376,1,1
293,0,0,0,5,1,1
293,1,1,53,58,0,1
293,2,0,53,61,1,1
293,3,1,56,64,0,1
293,4,0,56,68,1,1
293,5,1,62,74,0,1
293,6,2,0,80,0,1
293,7,3,51,90,0,1
293,8,1,62,101,0,1
295,0,0,0,2,1,1
295,1,1,172,174,0,1
296,0,0,0,1,1,1
296,1,3,313,204,1,1
296,2,3,319,211,1,1
297,0,0,0,1,1,1
297,1,2,20,91,1,1
297,2,1,154,225,0,1
298,0,0,0,1,1,1
299,0,0,0,1,1,1
299,1,1,136,137,0,1
300,0,0,0,1,1,1
300,1,1,130,131,0,1
301,0,0,0,1,1,1
301,1,1,179,180,0,1
302,0,0,0,1,1,1
303,0,0,0,1,1,1
303,1,3,320,8,1,1
303,2,1,320,8,0,1
303,3,2,0,12,0,1
303,4,3,285,14,0,1
303,5,3,305,21,0,1
303,6,1,320,37,0,1
307,0,0,0,2,1,1
307,1,1,5,7,0,1
307,2,0,5,23,1,1
307,3,1,63,80,0,1
307,4,0,63,127,1,1
307,5,1,202,239,0,1
307,6,0,202,244,1,1
307,7,1,277,304,0,1
309,0,0,0,3,1,1
309,1,2,85,82,1,1
309,2,1,87,84,0,1
309,3,0,87,89,1,1
309,4,1,200,180,0,1
311,0,0,0,1,1,1.0
311,1,4,91,93,1,2.0
312,0,0,0,1,1,1.0
312,1,4,4,6,1,2.0
313,0,0,0,1,1,1.0
313,1,4,3,5,1,2.0
314,0,0,0,1,1,1
315,0,0,0,3,1,1
316,0,0,0,1,1,1
317,0,0,0,1,1,1
318,0,0,0,1,1,1
319,0,0,0,1,1,1
320,0,0,0,1,1,1
320,1,2,145,193,1,1
320,2,3,170,201,1,1
321,0,0,0,2,1,1
322,0,0,0,2,1,1
323,0,0,0,1,1,1
324,0,0,0,1,1,1
325,0,0,0,1,1,1
325,1,1,135,136,0,1
325,2,0,135,288,1,1
326,0,0,0,1,1,1
327,0,0,0,1,1,1
328,0,0,0,1,1,1
328,1,2,30,90,1,1
328,2,2,115,216,1,1
328,3,2,0,425,1,1
328,4,1,7,432,0,1
329,0,0,0,1,1,1.0
329,1,4,5,7,1,2.0
330,0,0,0,1,1,1.0
330,1,4,7,9,1,2.0
331,0,0,0,0,1,1.0
331,1,4,0,1,1,2.0
332,0,0,0,1,1,1.0
332,1,4,2,4,1,2.0
333,0,0,0,1,1,1.0
333,1,4,3,5,1,2.0
334,0,0,0,1,1,1.0
334,1,4,6,9,1,2.0
335,0,0,0,1,1,1
336,0,0,0,1,1,1
337,0,0,0,1,1,1
338,0,0,0,1,1,1
339,0,0,0,1,1,1
339,1,1,14,15,0,1
339,2,0,14,142,1,1
340,0,0,0,1,1,1
341,0,0,0,1,1,1
342,0,0,0,1,1,1
343,0,0,0,1,1,1
344,0,0,0,1,1,1
345,0,0,0,1,1,1
346,0,0,0,1,1,1
347,0,0,0,1,1,1
348,0,0,0,1,1,1
349,0,0,0,1,1,1
350,0,0,0,1,1,1
351,0,0,0,1,1,1
352,0,0,0,1,1,1
352,1,3,6,3,1,1
352,2,2,4,5,1,1
352,3,3,45,22,1,1
352,4,3,54,27,1,1
353,0,0,0,1,1,1
354,0,0,0,1,1,1
355,0,0,0,1,1,1
356,0,0,0,1,1,1
359,0,0,0,1,1,1
360,0,0,30,159,1,1
360,1,3,128,162,1,1
360,2,3,216,168,1,1
361,0,0,0,1,1,1
362,0,0,0,1,1,1
362,1,3,16,3,1,1
362,2,1,16,7,0,1
362,3,3,22,285,0,1
362,4,1,22,285,0,1
362,5,3,27,295,0,1
362,6,3,34,338,0,1
362,7,1,34,338,0,1
362,8,3,50,349,0,1
362,9,1,50,351,0,1
362,10,0,50,504,1,1
362,11,2,47,508,1,1
362,12,3,57,510,1,1
362,13,1,57,510,0,1
362,14,0,57,598,1,1
362,15,3,90,601,1,1
362,16,3,104,606,1,1
362,17,3,145,670,1,1
362,18,3,170,676,1,1
364,0,0,0,0,1,1.0
364,1,4,0,1,1,2.0
365,0,0,0,1,1,1.0
365,1,4,4,6,1,2.0
366,0,0,0,1,1,1.0
366,1,4,2,4,1,2.0
368,0,0,0,1,1,1
369,0,0,0,1,1,1
369,1,3,9,7,1,1
370,0,0,361,31,1,1
370,1,3,466,36,1,1
370,2,2,341,37,1,1
370,3,3,453,38,1,1
371,0,0,0,1,1,1
372,0,0,0,1,1,1
373,0,0,0,1,1,1
374,0,0,0,1,1,1
375,0,0,0,1,1,1
376,0,0,0,1,1,1
376,1,1,49,50,0,1
376,2,0,49,57,1,1
377,0,0,0,1,1,1
378,0,0,0,1,1,1
379,0,0,0,1,1,1
380,0,0,0,1,1,1.0
380,1,4,8,10,1,2.0
385,0,0,0,1,1,1
386,0,0,0,0,1,1.0
386,1,4,0,1,1,2.0
387,0,0,0,0,1,1.0
387,1,4,0,1,1,2.0
388,0,0,0,0,1,1.0
388,1,4,0,1,1,2.0
390,0,0,0,1,1,1
390,1,1,7,7,0,1
390,2,0,7,24,1,1
390,3,1,55,71,0,1
390,4,0,55,77,1,1
390,5,3,70,89,1,1
390,6,1,70,89,0,1
390,7,2,45,130,0,1
390,8,1,45,132,0,1
390,9,3,66,135,0,1
390,10,3,71,140,0,1
390,11,1,161,228,0,1
390,12,0,161,236,1,1
390,13,3,197,258,1,1
390,14,2,192,262,1,1
390,15,1,192,263,0,1
390,16,0,192,283,1,1
390,17,3,197,286,1,1
390,18,1,202,291,0,1
390,19,0,202,318,1,1
390,20,3,216,321,1,1
390,21,1,217,324,0,1
390,22,0,217,348,1,1
390,23,3,244,357,1,1
390,24,3,253,362,1,1
390,25,2,0,364,1,1
390,26,3,168,366,1,1
390,27,1,170,368,0,1
390,28,3,173,376,0,1
390,29,1,174,377,0,1
390,30,3,249,386,0,1
391,0,0,0,1,1,1
391,1,1,30,30,0,1
391,2,0,30,37,1,1
391,3,1,49,55,0,1
391,4,2,40,77,0,1
391,5,3,51,78,0,1
391,6,1,51,79,0,1
391,7,0,51,86,1,1
391,8,3,57,88,1,1
391,9,1,95,125,0,1
391,10,0,95,161,1,1
391,11,1,120,185,0,1
391,12,3,125,195,0,1
391,13,1,139,210,0,1
391,14,0,139,224,1,1
391,15,3,158,235,1,1
391,16,2,155,236,1,1
391,17,1,160,241,0,1
391,18,0,160,245,1,1
391,19,3,231,310,1,1
391,20,2,228,312,1,1
391,21,3,260,323,1,1
391,22,3,276,329,1,1
391,23,2,268,332,1,1
391,24,3,275,334,1,1
391,25,1,282,341,0,1
391,26,0,282,356,1,1
391,27,1,286,360,0,1
391,28,0,286,365,1,1
391,29,3,298,373,1,1
391,30,2,295,374,1,1
391,31,3,300,375,1,1
391,32,1,300,375,0,1
391,33,3,334,408,0,1
391,34,3,348,413,0,1
391,35,2,344,415,0,1
391,36,1,345,416,0,1
391,37,3,355,436,0,1
391,38,2,352,437,0,1
391,39,1,354,439,0,1
391,40,0,354,469,1,1
391,41,3,361,472,1,1
391,42,2,358,473,1,1
391,43,3,401,479,1,1
391,44,3,421,484,1,1
391,45,2,414,489,1,1
391,46,1,420,494,0,1
391,47,0,420,508,1,1
393,0,0,0,1,1,1
393,1,1,11,11,0,1
393,2,0,11,16,1,1
393,3,1,63,67,0,1
393,4,0,63,73,1,1
393,5,1,78,88,0,1
393,6,0,78,120,1,1
393,7,3,112,122,1,1
393,8,3,126,127,1,1
393,9,1,133,134,0,1
393,10,0,133,141,1,1
393,11,2,192,203,1,1
393,12,1,192,203,0,1
393,13,3,196,211,0,1
393,14,2,194,212,0,1
393,15,1,195,213,0,1
393,16,0,195,216,1,1
393,17,1,203,224,0,1
393,18,0,203,228,1,1
393,19,1,212,237,0,1
393,20,0,212,241,1,1
393,21,3,225,245,1,1
393,22,1,227,247,0,1
393,23,0,227,252,1,1
393,24,3,243,254,1,1
393,25,3,262,260,1,1
393,26,2,256,265,1,1
393,27,1,257,266,0,1
393,28,0,257,271,1,1
393,29,3,285,273,1,1
393,30,3,296,278,1,1
393,31,1,297,280,0,1
393,32,0,297,283,1,1
393,33,3,309,286,1,1
396,0,0,0,1,1,1
396,1,3,100,81,1,1
397,0,0,463,15,1,1
398,0,0,0,1,1,1
398,1,3,61,5,1,1
400,0,0,0,1,1,1
400,1,3,458,4,1,1
400,2,2,0,10,1,1
400,3,3,454,14,1,1
403,0,0,0,1,1,1.0
403,1,4,1,3,1,2.0
405,0,0,0,0,1,1.0
405,1,4,0,1,1,2.0
406,0,0,0,1,1,1.0
406,1,4,1,3,1,2.0
407,0,0,0,0,1,1.0
407,1,4,0,1,1,2.0
408,0,0,190,1,1,1
409,0,0,218,1,1,1
412,0,0,0,1,1,1
412,1,1,12,13,0,1
412,2,0,12,15,1,1
412,3,1,19,22,0,1
412,4,0,19,27,1,1
412,5,3,308,29,1,1
413,0,0,0,1,1,1
413,1,3,200,3,1,1
414,0,0,0,1,1,1
417,0,0,0,1,1,1
418,0,0,0,0,1,1.0
418,1,4,0,1,1,1.25
418,2,1,15,13,0,1.25
418,3,0,15,21,1,1.25
418,4,2,5,49,1,1.25
418,5,1,8,53,0,1.25
418,6,0,8,72,1,1.25
418,7,1,19,81,0,1.25
418,8,0,19,94,1,1.25
418,9,0,22,120,1,1.25
418,10,1,26,124,0,1.25
418,11,0,26,167,1,1.25
418,12,1,33,173,0,1.25
418,13,0,33,199,1,1.25
418,14,1,36,202,0,1.25
418,15,0,36,225,1,1.25
418,16,1,42,230,0,1.25
418,17,0,42,271,1,1.25
418,18,1,50,278,0,1.25
418,19,0,50,328,1,1.25
418,20,1,64,339,0,1.25
418,21,0,64,348,1,1.25
418,22,1,66,350,0,1.25
418,23,0,66,379,1,1.25
418,24,2,68,395,1,1.25
418,25,1,68,396,0,1.25
418,26,0,68,433,1,1.25
418,27,1,81,443,0,1.25
418,28,0,81,477,1,1.25
418,29,1,107,498,0,1.25
418,30,0,107,515,1,1.25
418,31,1,109,517,0,1.25
418,32,0,109,520,1,1.25
418,33,1,119,528,0,1.25
418,34,0,119,548,1,1.25
418,35,0,129,571,1,1.25
418,36,2,130,577,1,1.25
418,37,1,130,577,0,1.25
418,38,0,130,597,1,1.25
418,39,1,133,600,0,1.25
418,40,0,133,627,1,1.25
418,41,4,140,634,1,1.5
419,0,0,0,0,1,1.0
419,1,4,0,1,1,1.5
420,0,0,0,1,1,1.0
420,1,4,7,8,1,1.5
422,0,0,0,0,1,1.0
422,1,4,0,1,1,1.5
424,0,0,0,1,1,1.0
424,1,4,7,9,1,1.25
426,0,0,0,0,1,1.0
426,1,4,0,1,1,1.25
428,0,0,0,0,1,1.0
428,1,4,0,1,1,1.25
429,0,0,0,1,1,1.0
429,1,4,1,3,1,1.25
430,0,0,0,0,1,1.0
430,1,4,0,1,1,1.25
431,0,0,0,0,1,1.0
431,1,4,0,1,1,1.25
431,2,0,15,130,1,1.25
431,3,4,26,140,1,1.5
431,4,4,57,161,1,2.0
431,5,4,69,167,1,1.5
432,0,0,0,0,1,1.0
432,1,4,0,1,1,1.5
433,0,0,0,0,1,1.0
433,1,4,0,1,1,1.25
434,0,0,0,0,1,1.0
434,1,4,0,1,1,1.25
435,0,0,0,0,1,1.0
435,1,4,0,1,1,1.25
436,0,0,0,0,1,1.0
436,1,4,0,1,1,1.25
437,0,0,0,1,1,1
437,1,3,168,3,1,1
438,0,0,0,0,1,1.0
438,1,4,0,1,1,1.5
439,0,0,0,0,1,1.0
439,1,4,0,1,1,1.25
440,0,0,0,1,1,1.0
440,1,4,6,8,1,1.5
441,0,0,0,0,1,1.0
441,1,4,0,1,1,2.0
442,0,0,0,1,1,1
442,1,3,312,3,1,1
443,0,0,0,1,1,1.0
443,1,1,14,14,0,1.0
443,2,0,14,25,1,1.0
443,3,4,36,48,1,1.5
444,0,0,0,0,1,1.0
444,1,4,0,1,1,1.5
445,0,0,0,0,1,1.0
445,1,4,0,1,1,2.0
446,0,0,0,1,1,1.0
446,1,4,4,6,1,1.5
448,0,0,0,1,1,1.0
448,1,4,13,14,1,1.25
448,2,4,66,57,1,1.5
449,0,0,0,1,1,1.0
449,1,3,48,13,1,1.0
449,2,1,48,17,0,1.0
449,3,3,80,20,0,1.0
449,4,3,124,25,0,1.0
449,5,2,106,31,0,1.0
449,6,3,128,35,0,1.0
449,7,2,124,36,0,1.0
449,8,3,143,38,0,1.0
449,9,3,174,43,0,1.0
449,10,3,193,49,0,1.0
449,11,2,192,53,0,1.0
449,12,3,227,54,0,1.0
449,13,2,228,62,0,1.0
449,14,1,229,63,0,1.0
449,15,3,259,87,0,1.0
449,16,2,254,90,0,1.0
449,17,3,266,91,0,1.0
449,18,2,257,92,0,1.0
449,19,2,246,106,0,1.0
449,20,1,246,109,0,1.0
449,21,2,96,114,0,1.0
449,22,3,151,117,0,1.0
449,23,2,130,119,0,1.0
449,24,3,164,121,0,1.0
449,25,2,114,124,0,1.0
449,26,3,148,126,0,1.0
449,27,2,121,130,0,1.0
449,28,1,121,131,0,1.0
449,29,2,116,134,0,1.0
449,30,3,259,136,0,1.0
449,31,3,284,141,0,1.0
449,32,2,281,143,0,1.0
449,33,3,304,144,0,1.0
449,34,2,295,146,0,1.0
449,35,3,323,147,0,1.0
449,36,2,203,148,0,1.0
449,37,3,319,149,0,1.0
449,38,3,329,154,0,1.0
449,39,2,296,155,0,1.0
449,40,3,300,157,0,1.0
449,41,1,300,157,0,1.0
449,42,3,384,161,0,1.0
449,43,3,416,166,0,1.0
449,44,2,186,169,0,1.0
449,45,3,238,172,0,1.0
449,46,2,4,177,0,1.0
449,47,3,289,178,0,1.0
449,48,2,261,182,0,1.0
449,49,2,64,196,0,1.0
449,50,3,433,216,0,1.0
449,51,2,1,217,0,1.0
449,52,4,2,219,0,1.5
450,0,0,0,1,1,1.0
450,1,4,4,6,1,1.25
450,2,4,11,11,1,1.5
452,0,0,0,0,1,1.0
452,1,4,0,1,1,2.0
454,0,0,263,6,1,1.0
454,1,3,282,9,1,1.0
454,2,1,282,11,0,1.0
454,3,0,282,14,1,1.0
454,4,2,281,16,1,1.0
454,5,1,282,17,0,1.0
454,6,2,17,33,0,1.0
454,7,3,51,35,0,1.0
454,8,4,62,48,0,1.5
455,0,0,0,0,1,1.0
455,1,4,0,1,1,1.25
455,2,4,19,17,1,1.5
456,0,0,0,1,1,1.0
456,1,4,4,3,1,1.5
458,0,0,0,0,1,1.0
458,1,4,0,1,1,2.0
459,0,0,0,0,1,1.0
459,1,4,0,1,1,2.0
461,0,0,13,10,1,1
461,1,3,48,14,1,1
461,2,3,152,19,1,1
461,3,3,171,27,1,1
463,0,0,0,1,1,1.0
463,1,4,2,4,1,2.0
464,0,0,0,0,1,1.0
464,1,4,0,1,1,2.0
466,0,0,0,0,1,1.0
466,1,4,0,1,1,2.0
467,0,0,0,0,1,1.0
467,1,4,0,1,1,2.0
468,0,0,0,0,1,1.0
468,1,4,0,1,1,2.0
470,0,0,0,0,1,1.0
470,1,4,0,1,1,2.0
471,0,0,0,0,1,1.0
471,1,4,0,1,1,1.5
471,2,4,57,40,1,2.0
473,0,0,0,0,1,1.0
473,1,4,0,1,1,2.0
474,0,0,0,1,1,1.0
474,1,4,3,5,1,1.5
475,0,0,0,1,1,1
475,1,1,17,17,0,1
475,2,0,17,21,1,1
476,0,0,0,1,1,1.0
476,1,4,1,3,1,2.0
477,0,0,0,1,1,1
477,1,3,28,3,1,1
477,2,3,56,8,1,1
477,3,2,49,11,1,1
477,4,3,79,25,1,1
477,5,3,94,32,1,1
477,6,3,109,37,1,1
477,7,3,133,42,1,1
477,8,3,154,47,1,1
477,9,3,176,68,1,1
477,10,2,0,69,1,1
477,11,3,178,76,1,1
478,0,0,0,0,1,1.0
478,1,4,0,1,1,1.5
482,0,0,0,1,1,1.0
482,1,4,36,37,1,2.0
483,0,0,0,1,1,1.0
483,1,4,20,21,1,1.25
485,0,0,0,1,1,1.0
485,1,4,1,3,1,1.5
486,0,0,0,1,1,1.0
486,1,4,11,9,1,1.5
486,2,4,17,15,1,1.25
487,0,0,0,1,1,1.0
487,1,4,1,3,1,1.5
487,2,4,134,91,1,2.0
489,0,0,0,1,1,1.0
489,1,4,3,5,1,1.25
490,0,0,0,1,1,1.0
490,1,4,1,3,1,1.25
491,0,0,0,1,1,1
491,1,3,312,3,1,1
492,0,0,0,1,1,1
493,0,0,0,1,1,1.0
493,1,4,2,4,1,1.25
495,0,0,0,1,1,1.0
495,1,4,1,3,1,1.5
497,0,0,0,1,1,1
499,0,0,0,1,1,1
499,1,3,224,5,1,1
499,2,1,238,19,0,1
499,3,0,238,21,1,1
500,0,0,0,1,1,1
500,1,1,107,108,0,1
500,2,0,107,115,1,1
501,0,0,0,1,1,1
503,0,0,0,1,1,1.0
503,1,4,3,5,1,1.5
505,0,0,0,1,1,1.0
505,1,4,1,3,1,1.5
507,0,0,0,1,1,1.0
507,1,4,17,18,1,1.5
508,0,0,465,2,1,1
509,0,0,0,1,1,1.0
509,1,4,1,3,1,1.5
510,0,0,0,1,1,1
511,0,0,0,1,1,1
512,0,0,0,1,1,1
513,0,0,0,1,1,1
514,0,0,0,1,1,1
515,0,0,0,1,1,1
516,0,0,0,1,1,1
517,0,0,0,1,1,1
518,0,0,0,1,1,1
519,0,0,0,1,1,1
520,0,0,0,1,1,1
521,0,0,0,1,1,1
522,0,0,0,1,1,1.0
522,1,4,1,3,1,2.0
524,0,0,0,1,1,1.0
524,1,4,35,38,1,1.5
526,0,0,0,0,1,1.0
526,1,4,0,1,1,1.5
527,0,0,0,1,1,1
528,0,0,0,1,1,1
529,0,0,0,1,1,1
530,0,0,0,1,1,1
531,0,0,0,1,1,1
532,0,0,0,1,1,1
532,1,3,305,220,1,1
532,2,2,0,223,1,1
532,3,3,301,228,1,1
535,0,0,0,1,1,1
535,1,1,46,46,0,1
535,2,3,78,49,0,1
535,3,3,113,57,0,1
535,4,2,0,61,0,1
535,5,3,123,65,0,1
537,0,0,0,1,1,1
537,1,3,59,22,1,1
538,0,0,0,1,1,1.0
538,1,4,2,4,1,1.5
539,0,0,0,0,1,1.0
539,1,4,0,1,1,1.5
540,0,0,0,1,1,1
541,0,0,0,1,1,1
541,1,3,137,27,1,1
541,2,3,152,33,1,1
542,0,0,0,1,1,1.0
542,1,4,6,7,1,2.0
543,0,0,0,1,1,1.0
543,1,4,2,4,1,1.25
544,0,0,0,1,1,1.0
544,1,4,11,12,1,1.5
545,0,0,0,0,1,1.0
545,1,4,0,1,1,1.5
546,0,0,0,1,1,1.0
546,1,4,1,3,1,1.5
547,0,0,0,1,1,1.0
547,1,4,1,3,1,2.0
548,0,0,0,1,1,1.0
548,1,4,19,20,1,1.5
549,0,0,0,1,1,1
549,1,1,57,58,0,1
549,2,0,57,115,1,1
551,0,0,0,1,1,1
552,0,0,0,1,1,1
553,0,0,0,2,1,1
554,0,0,0,1,1,1
554,1,3,109,5,1,1
555,0,0,0,1,1,1
556,0,0,0,1,1,1
557,0,0,0,1,1,1
558,0,0,0,1,1,1
559,0,0,0,1,1,1
560,0,0,0,1,1,1
561,0,0,0,1,1,1
562,0,0,0,1,1,1
563,0,0,0,1,1,1
565,0,0,0,1,1,1
565,1,1,94,95,0,1
565,2,0,94,99,1,1
566,0,0,0,1,1,1
567,0,0,0,1,1,1
567,1,1,51,52,0,1
567,2,0,51,57,1,1
568,0,0,0,1,1,1
569,0,0,0,1,1,1
570,0,0,0,1,1,1
571,0,0,0,1,1,1
572,0,0,0,1,1,1
573,0,0,0,1,1,1
574,0,0,0,1,1,1
575,0,0,0,1,1,1
576,0,0,0,1,1,1
577,0,0,0,1,1,1
577,1,1,36,36,0,1
577,2,0,36,139,1,1
577,3,1,54,157,0,1
577,4,0,54,283,1,1
578,0,0,0,1,1,1
579,0,0,0,1,1,1
580,0,0,0,1,1,1.0
580,1,1,192,192,0,1.0
580,2,0,192,238,1,1.0
580,3,4,257,304,1,1.25
581,0,0,0,1,1,1.0
581,1,4,22,23,1,1.25
582,0,0,0,0,1,1.0
582,1,4,0,1,1,1.25
583,0,0,0,1,1,1.0
583,1,4,1,3,1,1.25
589,0,0,0,1,1,1
590,0,0,0,1,1,1
591,0,0,0,1,1,1
592,0,0,0,1,1,1
592,1,1,78,78,0,1
592,2,0,78,87,1,1
593,0,0,0,1,1,1
593,1,2,5,137,1,1
593,2,1,5,138,0,1
593,3,0,5,140,1,1
594,0,0,0,1,1,1
594,1,2,11,49,1,1
595,0,0,0,1,1,1
595,1,1,191,189,0,1
595,2,0,191,191,1,1
595,3,1,232,232,0,1
595,4,0,232,234,1,1
595,5,1,234,236,0,1
595,6,2,73,241,0,1
595,7,3,83,243,0,1
595,8,1,183,343,0,1
595,9,2,114,346,0,1
595,10,2,147,396,0,1
596,0,0,0,1,1,1
597,0,0,0,1,1,1
598,0,0,0,1,1,1
599,0,0,0,1,1,1
600,0,0,0,1,1,1
601,0,0,0,1,1,1
602,0,0,0,1,1,1
602,1,1,7,8,0,1
602,2,0,7,10,1,1
602,3,1,17,20,0,1
602,4,0,17,82,1,1
602,5,2,17,98,1,1
602,6,2,43,135,1,1
602,7,1,44,136,0,1
602,8,0,44,173,1,1
602,9,1,51,180,0,1
602,10,0,51,195,1,1
602,11,1,58,202,0,1
602,12,0,58,216,1,1
602,13,1,79,234,0,1
602,14,0,79,239,1,1
602,15,2,73,242,1,1
602,16,2,70,247,1,1
602,17,1,73,251,0,1
602,18,2,68,260,0,1
602,19,1,68,260,0,1
602,20,0,68,293,1,1
602,21,1,128,340,0,1
602,22,2,124,350,0,1
602,23,1,124,350,0,1
602,24,2,111,368,0,1
602,25,1,111,369,0,1
602,26,0,111,394,1,1
602,27,1,135,413,0,1
602,28,0,135,426,1,1
602,29,1,163,449,0,1
602,30,2,158,465,0,1
602,31,1,158,465,0,1
602,32,0,158,480,1,1
602,33,1,284,579,0,1
602,34,2,276,585,0,1
602,35,1,276,585,0,1
602,36,2,271,588,0,1
602,37,2,277,606,0,1
602,38,2,272,611,0,1
602,39,1,293,628,0,1
602,40,2,271,635,0,1
602,41,3,275,637,0,1
602,42,1,275,637,0,1
602,43,3,280,644,0,1
602,44,1,280,644,0,1
602,45,3,293,650,0,1
602,46,1,293,651,0,1
602,47,0,293,655,1,1
602,48,1,299,660,0,1
602,49,2,286,664,0,1
602,50,1,286,665,0,1
602,51,2,282,674,0,1
602,52,3,286,675,0,1
602,53,1,286,675,0,1
602,54,0,286,690,1,1
602,55,1,299,700,0,1
602,56,0,299,734,1,1
603,0,0,0,1,1,1
605,0,0,0,1,1,1
605,1,1,1,2,0,1
605,2,0,1,49,1,1
605,3,1,11,59,0,1
605,4,2,8,211,0,1
605,5,2,10,230,0,1
605,6,2,5,238,0,1
605,7,1,18,254,0,1
605,8,0,18,256,1,1
605,9,1,60,297,0,1
605,10,0,60,314,1,1
605,11,1,61,315,0,1
605,12,0,61,359,1,1
605,13,1,73,371,0,1
605,14,0,73,377,1,1
605,15,2,72,383,1,1
605,16,1,72,387,0,1
605,17,0,72,405,1,1
605,18,2,72,409,1,1
605,19,1,72,409,0,1
605,20,0,72,419,1,1
605,21,1,79,426,0,1
605,22,0,79,457,1,1
605,23,1,82,460,0,1
605,24,0,82,479,1,1
605,25,2,100,514,1,1
605,26,2,110,539,1,1
605,27,2,138,578,1,1
605,28,1,170,610,0,1
605,29,0,170,624,1,1
605,30,1,213,666,0,1
605,31,2,204,671,0,1
605,32,1,220,686,0,1
605,33,0,220,717,1,1
605,34,2,231,744,1,1
609,0,0,0,2,1,1
609,1,3,449,4,1,1
609,2,2,169,5,1,1
609,3,2,164,10,1,1
609,4,3,240,11,1,1
609,5,3,381,21,1,1
610,0,0,0,2,1,1
610,1,3,44,6,1,1
610,2,2,33,9,1,1
610,3,3,82,31,1,1
610,4,3,102,36,1,1
610,5,3,144,42,1,1
610,6,3,289,47,1,1
610,7,1,289,47,0,1
610,8,2,159,50,0,1
610,9,2,158,55,0,1
610,10,3,311,57,0,1
610,11,3,446,72,0,1
610,12,1,446,72,0,1
610,13,0,446,74,1,1
610,14,1,449,77,0,1
610,15,3,460,86,0,1
611,0,0,0,1,1,1
612,0,0,0,1,1,1
612,1,1,44,44,0,1
612,2,0,44,76,1,1
613,0,0,0,1,1,1
613,1,1,8,8,0,1
613,2,0,8,38,1,1
614,0,0,0,1,1,1
614,1,2,12,22,1,1
614,2,1,73,82,0,1
614,3,2,70,100,0,1
614,4,1,70,100,0,1
614,5,0,70,102,1,1
615,0,0,0,1,1,1
615,1,1,81,80,0,1
615,2,0,81,101,1,1
616,0,0,0,1,1,1
617,0,0,0,1,1,1
618,0,0,0,1,1,1
619,0,0,0,1,1,1
620,0,0,0,1,1,1
621,0,0,0,1,1,1
622,0,0,0,1,1,1
622,1,1,124,122,0,1
622,2,0,124,139,1,1
622,3,1,158,172,0,1
622,4,0,158,193,1,1
622,5,1,163,198,0,1
622,6,0,163,211,1,1
622,7,2,184,237,1,1
622,8,1,227,280,0,1
622,9,2,224,290,0,1
622,10,1,224,290,0,1
622,11,0,224,313,1,1
622,12,1,315,402,0,1
622,13,2,253,419,0,1
622,14,3,274,421,0,1
622,15,0,276,433,1,1
622,16,2,282,442,1,1
622,17,2,0,452,1,1
622,18,3,316,456,1,1
622,19,2,0,458,1,1
622,20,3,315,459,1,1
623,0,0,0,1,1,1
623,1,1,1,2,0,1
623,2,0,1,148,1,1
623,3,2,9,160,1,1
623,4,1,9,160,0,1
623,5,0,9,181,1,1
623,6,2,21,196,1,1
623,7,1,21,196,0,1
623,8,0,21,217,1,1
623,9,2,50,264,1,1
623,10,2,41,269,1,1
623,11,1,49,278,0,1
623,12,2,43,281,0,1
623,13,1,47,287,0,1
623,14,0,47,327,1,1
623,15,2,45,329,1,1
623,16,2,53,340,1,1
623,17,1,54,341,0,1
623,18,0,54,353,1,1
623,19,1,70,369,0,1
623,20,2,65,395,0,1
623,21,2,78,418,0,1
623,22,2,74,424,0,1
623,23,1,90,440,0,1
623,24,0,90,452,1,1
623,25,2,96,463,1,1
623,26,1,96,464,0,1
623,27,0,96,469,1,1
623,28,2,101,484,1,1
623,29,2,97,489,1,1
623,30,1,120,512,0,1
623,31,2,117,523,0,1
623,32,1,117,523,0,1
623,33,0,117,540,1,1
623,34,2,115,542,1,1
623,35,2,121,557,1,1
623,36,2,117,563,1,1
623,37,2,130,580,1,1
623,38,1,130,580,0,1
623,39,0,130,593,1,1
623,40,2,132,608,1,1
623,41,2,169,664,1,1
623,42,2,165,669,1,1
623,43,1,191,695,0,1
623,44,0,191,713,1,1
623,45,1,195,717,0,1
623,46,0,195,730,1,1
623,47,1,202,737,0,1
623,48,0,202,782,1,1
623,49,1,206,786,0,1
623,50,0,206,837,1,1
623,51,2,226,868,1,1
623,52,1,226,869,0,1
623,53,0,226,879,1,1
623,54,2,240,943,1,1
623,55,2,238,948,1,1
623,56,1,275,984,0,1
623,57,0,275,992,1,1
624,0,0,0,1,1,1
624,1,1,40,40,0,1
624,2,0,40,67,1,1
624,3,1,41,68,0,1
624,4,2,37,75,0,1
624,5,1,37,75,0,1
624,6,0,37,82,1,1
624,7,2,41,92,1,1
624,8,2,39,98,1,1
624,9,2,42,112,1,1
624,10,2,41,117,1,1
624,11,1,44,120,0,1
624,12,0,44,144,1,1
624,13,1,47,147,0,1
624,14,0,47,158,1,1
624,15,1,78,188,0,1
624,16,0,78,201,1,1
624,17,1,81,203,0,1
624,18,0,81,249,1,1
624,19,2,81,260,1,1
624,20,2,76,265,1,1
624,21,1,95,284,0,1
624,22,0,95,306,1,1
624,23,2,108,330,1,1
624,24,2,104,335,1,1
624,25,2,113,358,1,1
624,26,1,138,385,0,1
624,27,0,138,411,1,1
624,28,1,140,413,0,1
624,29,0,140,432,1,1
624,30,1,150,442,0,1
624,31,0,150,446,1,1
624,32,2,156,461,1,1
624,33,2,166,472,1,1
624,34,1,166,472,0,1
624,35,2,156,506,0,1
624,36,1,184,538,0,1
624,37,0,184,551,1,1
624,38,2,198,568,1,1
624,39,1,199,569,0,1
624,40,0,199,581,1,1
625,0,0,0,1,1,1
625,1,1,7,7,0,1
625,2,0,7,55,1,1
625,3,1,26,74,0,1
625,4,2,13,127,0,1
625,5,2,8,132,0,1
625,6,2,18,151,0,1
625,7,2,32,167,0,1
625,8,1,32,167,0,1
625,9,0,32,184,1,1
625,10,2,55,218,1,1
625,11,1,84,249,0,1
625,12,0,84,251,1,1
625,13,1,260,423,0,1
625,14,2,252,446,0,1
625,15,1,270,464,0,1
625,16,2,258,474,0,1
625,17,1,262,481,0,1
625,18,0,262,504,1,1
625,19,3,274,506,1,1
625,20,2,270,507,1,1
626,0,0,0,1,1,1
626,1,1,2,3,0,1
626,2,0,2,206,1,1
626,3,1,19,223,0,1
626,4,0,19,245,1,1
626,5,1,29,255,0,1
626,6,0,29,1203,1,1
626,7,2,28,1216,1,1
626,8,1,40,1229,0,1
626,9,2,36,1250,0,1
626,10,1,48,1263,0,1
626,11,0,48,1274,1,1
626,12,1,55,1281,0,1
626,13,2,49,1294,0,1
626,14,1,52,1298,0,1
626,15,0,52,1319,1,1
626,16,2,54,1334,1,1
626,17,2,65,1353,1,1
626,18,1,80,1368,0,1
626,19,0,80,1384,1,1
626,20,2,80,1388,1,1
626,21,2,83,1399,1,1
626,22,1,84,1403,0,1
626,23,0,84,1438,1,1
626,24,1,85,1439,0,1
626,25,0,85,1566,1,1
626,26,2,84,1570,1,1
626,27,1,187,1672,0,1
626,28,0,187,1698,1,1
627,0,0,0,1,1,1
627,1,1,81,81,0,1
627,2,0,81,139,1,1
628,0,0,231,1,1,1
629,0,0,0,1,1,1
629,1,2,21,34,1,1
629,2,2,18,41,1,1
629,3,1,20,44,0,1
629,4,2,11,77,0,1
629,5,2,15,95,0,1
629,6,2,187,300,0,1
629,7,1,218,333,0,1
629,8,2,83,538,0,1
629,9,2,55,543,0,1
629,10,2,68,590,0,1
629,11,2,106,636,0,1
629,12,1,106,636,0,1
629,13,0,106,638,1,1
629,14,2,174,748,1,1
630,0,0,0,1,1,1
631,0,0,0,1,1,1.0
631,1,4,2,4,1,1.5
631,2,4,134,91,1,1.25
631,3,6,135,92,1,1.0
632,0,0,0,1,1,1
632,1,1,19,20,0,1
632,2,0,19,128,1,1
632,3,1,25,134,0,1
632,4,0,25,788,1,1
633,0,0,0,1,1,1
633,1,2,12,58,1,1
634,0,0,0,1,1,1
634,1,2,277,290,1,1
635,0,0,0,1,1,1
636,0,0,0,1,1,1
637,0,0,0,1,1,1
637,1,1,51,51,0,1
637,2,0,51,55,1,1
637,3,1,108,111,0,1
637,4,0,108,133,1,1
638,0,0,0,1,1,1
639,0,0,0,1,1,1
639,1,2,27,47,1,1
639,2,2,59,110,1,1
640,0,0,0,1,1,1
640,1,2,37,40,1,1
640,2,1,45,48,0,1
640,3,0,45,58,1,1
641,0,0,0,1,1,1
642,0,0,0,1,1,1
642,1,1,174,175,0,1
642,2,0,174,254,1,1
642,3,1,199,279,0,1
642,4,0,199,296,1,1
642,5,1,338,435,0,1
642,6,0,338,454,1,1
642,7,1,386,502,0,1
642,8,0,386,583,1,1
643,0,0,0,1,1,1
644,0,0,0,1,1,1
644,1,3,153,15,1,1
645,0,0,0,1,1,1
647,0,0,0,1,1,1
648,0,0,0,1,1,1
649,0,0,0,1,1,1
650,0,0,0,1,1,1
651,0,0,0,1,1,1
652,0,0,0,1,1,1
653,0,0,0,1,1,1
654,0,0,0,1,1,1
655,0,0,0,1,1,1
655,1,1,30,30,0,1
655,2,0,30,112,1,1
656,0,0,0,1,1,1
657,0,0,0,1,1,1
658,0,0,0,1,1,1
659,0,0,0,1,1,1
659,1,3,35,8,1,1
659,2,3,56,13,1,1
660,0,0,0,1,1,1
660,1,2,85,167,1,1
660,2,1,85,168,0,1
660,3,2,58,174,0,1
660,4,1,226,342,0,1
660,5,2,51,349,0,1
660,6,2,40,354,0,1
660,7,1,40,354,0,1
660,8,0,40,356,1,1
660,9,3,74,379,1,1
660,10,2,75,383,1,1
660,11,3,104,384,1,1
660,12,1,109,392,0,1
660,13,0,109,418,1,1
660,14,3,244,442,1,1
660,15,2,227,444,1,1
660,16,2,156,449,1,1
660,17,3,266,461,1,1
661,0,0,0,1,1,1
661,1,1,40,40,0,1
661,2,2,28,73,0,1
661,3,2,28,109,0,1
661,4,2,104,213,0,1
662,0,0,0,1,1,1.0
662,1,4,6,8,1,2.0
663,0,0,0,0,1,1.0
663,1,4,0,1,1,2.0
664,0,0,0,1,1,1
665,0,0,0,1,1,1
666,0,0,0,1,1,1
667,0,0,0,1,1,1
668,0,0,0,1,1,1
669,0,0,0,1,1,1
670,0,0,0,1,1,1
671,0,0,0,1,1,1
672,0,0,0,1,1,1
673,0,0,0,1,1,1
674,0,0,0,1,1,1
674,1,1,138,137,0,1
674,2,0,138,146,1,1
675,0,0,0,1,1,1
676,0,0,0,1,1,1
677,0,0,0,1,1,1
678,0,0,0,1,1,1
679,0,0,0,1,1,1
679,1,3,120,89,1,1
679,2,2,84,90,1,1
680,0,0,0,1,1,1
681,0,0,0,1,1,1
681,1,1,3,4,0,1
681,2,0,3,660,1,1
682,0,0,0,1,1,1
687,0,0,0,1,1,1
687,1,1,106,106,0,1
687,2,0,106,132,1,1
688,0,0,0,1,1,1.0
688,1,4,3,5,1,2.0
689,0,0,0,1,1,1
689,1,1,43,43,0,1
689,2,0,43,93,1,1
689,3,1,44,94,0,1
689,4,0,44,107,1,1
690,0,0,0,1,1,1.0
690,1,4,22,23,1,2.0
691,0,0,0,1,1,1.0
691,1,4,1,3,1,2.0
692,0,0,0,0,1,1.0
692,1,4,0,1,1,2.0
693,0,0,0,0,1,1.0
693,1,4,0,1,1,2.0
694,0,0,0,0,1,1.0
694,1,4,0,1,1,2.0
695,0,0,0,0,1,1.0
695,1,4,0,1,1,2.0
696,0,0,0,0,1,1.0
696,1,4,0,1,1,2.0
697,0,0,0,1,1,1.0
697,1,1,9,10,0,1.0
697,2,0,9,79,1,1.0
697,3,1,13,83,0,1.0
697,4,0,13,129,1,1.0
697,5,4,41,151,1,1.5
697,6,2,21,183,1,1.5
697,7,4,45,204,1,2.0
697,8,4,65,217,1,1.5
698,0,0,0,1,1,1
698,1,3,134,3,1,1
699,0,0,0,1,1,1.0
699,1,4,19,20,1,1.5
700,0,0,0,1,1,1
701,0,0,175,1,1,1
702,0,0,0,1,1,1
702,1,3,162,4,1,1
703,0,0,0,0,1,1.0
703,1,4,0,1,1,2.0
704,0,0,0,0,1,1.0
704,1,4,0,1,1,2.0
705,0,0,0,0,1,1.0
705,1,4,0,1,1,2.0
706,0,0,162,164,1,1
707,0,0,0,1,1,1
707,1,2,167,171,1,1
707,2,3,174,173,1,1
708,0,0,0,1,1,1
708,1,2,59,74,1,1
708,2,1,62,78,0,1
708,3,0,62,84,1,1
709,0,0,0,1,1,1
709,1,2,33,45,1,1
710,0,0,0,1,1,1.0
710,1,4,2,4,1,1.25
711,0,0,162,2,1,1
711,1,1,164,4,0,1
711,2,3,177,7,0,1
711,3,2,169,8,0,1
711,4,3,175,9,0,1
711,5,1,176,10,0,1
711,6,3,212,64,0,1
711,7,2,208,67,0,1
711,8,3,218,68,0,1
711,9,1,218,68,0,1
711,10,3,231,104,0,1
712,0,0,0,1,1,1.0
712,1,4,1,3,1,2.0
714,0,0,0,0,1,1.0
714,1,4,0,1,1,2.0
715,0,0,0,1,1,1.0
715,1,4,3,5,1,2.0
716,0,0,0,1,1,1.0
716,1,1,152,152,0,1.0
716,2,0,152,278,1,1.0
716,3,5,173,300,1,0.5
716,4,4,174,302,1,2.0
718,0,0,0,2,1,1.0
718,1,4,1,4,1,2.0
719,0,0,0,1,1,1
719,1,1,2,3,0,1
719,2,0,2,73,1,1
720,0,0,0,1,1,1.0
720,1,4,1,3,1,2.0
722,0,0,0,1,1,1
723,0,0,0,1,1,1
723,1,2,20,67,1,1
723,2,3,56,79,1,1
724,0,0,0,1,1,1.0
724,1,4,80,81,1,2.0
725,0,0,0,1,1,1.0
725,1,4,2,4,1,1.5
726,0,0,0,1,1,1
726,1,1,74,75,0,1
726,2,0,74,128,1,1
727,0,0,0,1,1,1
729,0,0,0,1,1,1.0
729,1,4,2,4,1,2.0
730,0,0,0,1,1,1
731,0,0,0,1,1,1
731,1,3,198,3,1,1
731,2,2,0,11,1,1
731,3,3,215,13,1,1
732,0,0,0,1,1,1.0
732,1,4,2,4,1,2.0
733,0,0,0,1,1,1
734,0,0,0,1,1,1
735,0,0,0,1,1,1
735,1,3,129,3,1,1
736,0,0,0,0,1,1.0
736,1,4,0,1,1,2.0
737,0,0,0,1,1,1
738,0,0,0,1,1,1
739,0,0,0,1,1,1
739,1,2,59,100,1,1
740,0,0,0,1,1,1
741,0,0,0,1,1,1.0
741,1,4,6,8,1,2.0
742,0,0,0,1,1,1.0
742,1,4,2,4,1,2.0
744,0,0,0,1,1,1.0
744,1,4,221,221,1,1.5
745,0,0,0,1,1,1.0
745,1,4,1,3,1,1.5
746,0,0,0,1,1,1
747,0,0,0,1,1,1
748,0,0,0,1,1,1
751,0,0,0,1,1,1
752,0,0,0,1,1,1
752,1,1,27,27,0,1
752,2,0,27,183,1,1
752,3,1,33,189,0,1
752,4,0,33,218,1,1
752,5,1,35,220,0,1
752,6,0,35,234,1,1
752,7,1,45,245,0,1
752,8,0,45,256,1,1
752,9,1,48,259,0,1
752,10,0,48,299,1,1
752,11,1,300,549,0,1
752,12,0,300,627,1,1
752,13,2,344,677,1,1
752,14,1,345,680,0,1
752,15,0,345,716,1,1
752,16,1,354,725,0,1
752,17,0,354,769,1,1
752,18,2,420,839,1,1
752,19,1,422,841,0,1
752,20,0,422,892,1,1
753,0,0,0,1,1,1
753,1,1,9,10,0,1
753,2,0,9,24,1,1
753,3,1,11,26,0,1
753,4,0,11,47,1,1
753,5,1,54,90,0,1
753,6,0,54,121,1,1
753,7,1,62,129,0,1
753,8,0,62,157,1,1
753,9,1,77,172,0,1
753,10,0,77,208,1,1
753,11,1,80,211,0,1
753,12,0,80,313,1,1
753,13,1,128,360,0,1
753,14,0,128,408,1,1
753,15,1,189,468,0,1
753,16,0,189,694,1,1
753,17,1,226,731,0,1
753,18,0,226,831,1,1
753,19,1,251,856,0,1
753,20,0,251,975,1,1
754,0,0,0,1,1,1
755,0,0,0,1,1,1
756,0,0,0,1,1,1
757,0,0,0,1,1,1
758,0,0,458,13,1,1
759,0,0,0,1,1,1
760,0,0,0,1,1,1
761,0,0,0,1,1,1
762,0,0,0,1,1,1
763,0,0,0,1,1,1
764,0,0,0,1,1,1
765,0,0,0,1,1,1
766,0,0,0,1,1,1
767,0,0,0,1,1,1
768,0,0,0,1,1,1
769,0,0,0,1,1,1
770,0,0,0,1,1,1
771,0,0,0,1,1,1
771,1,3,318,23,1,1
772,0,0,0,1,1,1
772,1,1,69,69,0,1
772,2,0,69,124,1,1
772,3,1,129,183,0,1
772,4,0,129,228,1,1
773,0,0,0,1,1,1
773,1,2,51,58,1,1
773,2,1,199,205,0,1
773,3,0,199,258,1,1
774,0,0,0,1,1,1
774,1,1,34,34,0,1
774,2,0,34,61,1,1
774,3,1,101,127,0,1
774,4,0,101,168,1,1
775,0,0,0,1,1,1
775,1,1,77,77,0,1
775,2,0,77,119,1,1
775,3,2,83,135,1,1
777,0,0,0,1,1,1.0
777,1,4,2,4,1,1.5
777,2,6,8,10,1,1.0
777,3,4,55,57,1,1.25
778,0,0,0,1,1,1.0
778,1,1,17,18,0,1.0
778,2,0,17,45,1,1.0
778,3,4,36,65,1,1.5
779,0,0,0,1,1,1
779,1,1,16,17,0,1
779,2,0,16,33,1,1
779,3,1,30,47,0,1
779,4,0,30,68,1,1
779,5,1,59,97,0,1
779,6,0,59,114,1,1
779,7,1,131,186,0,1
779,8,0,131,208,1,1
779,9,1,190,267,0,1
779,10,0,190,270,1,1
780,0,0,0,1,1,1
780,1,2,0,40,1,1
780,2,1,1,42,0,1
780,3,0,1,49,1,1
781,0,0,0,1,1,1.0
781,1,4,46,47,1,1.5
782,0,0,0,1,1,1
782,1,2,0,14,1,1
784,0,0,0,1,1,1
784,1,2,53,86,1,1
784,2,1,56,89,0,1
784,3,0,56,1156,1,1
784,4,1,61,1161,0,1
784,5,0,61,2224,1,1
784,6,1,72,2235,0,1
784,7,0,72,2246,1,1
785,0,0,0,1,1,1
785,1,2,150,255,1,1
785,2,2,47,263,1,1
785,3,3,251,271,1,1
786,0,0,454,9,1,1
787,0,0,0,1,1,1
787,1,1,1,2,0,1
787,2,0,1,4,1,1
787,3,1,18,22,0,1
787,4,0,18,64,1,1
788,0,0,0,1,1,1
789,0,0,0,1,1,1
789,1,2,257,272,1,1
790,0,0,0,1,1,1
790,1,1,12,12,0,1
790,2,2,7,28,0,1
790,3,1,66,87,0,1
790,4,2,54,112,0,1
790,5,1,79,137,0,1
790,6,2,63,161,0,1
790,7,1,63,161,0,1
790,8,0,63,163,1,1
790,9,1,80,180,0,1
790,10,2,65,190,0,1
790,11,1,109,235,0,1
790,12,0,109,257,1,1
790,13,1,116,264,0,1
790,14,2,112,280,0,1
791,0,0,0,1,1,1
792,0,0,0,1,1,1
793,0,0,0,1,1,1
794,0,0,0,1,1,1
795,0,0,0,1,1,1
795,1,2,0,169,1,1
795,2,3,24,174,1,1
796,0,0,0,1,1,1
796,1,2,8,54,1,1
796,2,2,0,61,1,1
796,3,3,5,62,1,1
797,0,0,0,1,1,1
797,1,0,13,15,1,1
797,2,2,74,194,1,1
797,3,3,124,206,1,1
798,0,0,0,1,1,1
798,1,2,100,119,1,1
798,2,2,92,130,1,1
798,3,1,104,142,0,1
798,4,0,104,148,1,1
798,5,1,106,150,0,1
798,6,0,106,154,1,1
798,7,1,109,157,0,1
798,8,0,109,165,1,1
798,9,2,200,262,1,1
798,10,2,207,298,1,1
799,0,0,0,1,1,1
799,1,1,163,162,0,1
799,2,0,163,184,1,1
800,0,0,0,1,1,1
800,1,1,258,258,0,1
800,2,0,258,414,1,1
800,3,3,307,454,1,1
801,0,0,0,1,1,1
802,0,0,0,1,1,1
802,1,3,133,125,1,1
803,0,0,0,1,1,1
804,0,0,0,1,1,1
805,0,0,0,1,1,1
806,0,0,0,1,1,1
806,1,1,221,221,0,1
806,2,0,221,223,1,1
806,3,1,226,228,0,1
806,4,0,226,232,1,1
807,0,0,0,1,1,1
808,0,0,0,1,1,1
809,0,0,0,1,1,1
809,1,1,53,54,0,1
809,2,0,53,56,1,1
809,3,1,56,59,0,1
809,4,0,56,61,1,1
810,0,0,0,1,1,1
812,0,0,0,1,1,1
814,0,0,0,1,1,1
815,0,0,0,1,1,1
816,0,0,0,1,1,1
817,0,0,0,1,1,1
818,0,0,0,1,1,1
819,0,0,0,1,1,1
820,0,0,0,1,1,1
822,0,0,0,1,1,1
823,0,0,0,1,1,1
823,1,1,90,90,0,1
823,2,0,90,285,1,1
824,0,0,0,1,1,1
825,0,0,0,1,1,1
827,0,0,0,1,1,1
828,0,0,0,1,1,1
829,0,0,0,1,1,1
830,0,0,0,1,1,1
832,0,0,0,1,1,1.0
832,1,4,6,8,1,2.0
833,0,0,0,1,1,1.0
833,1,4,1,3,1,2.0
834,0,0,0,1,1,1
834,1,2,42,99,1,1
835,0,0,0,1,1,1.0
835,1,4,2,4,1,2.0
836,0,0,0,1,1,1.0
836,1,4,2,4,1,2.0
837,0,0,0,1,1,1.0
837,1,4,1,3,1,2.0
838,0,0,0,1,1,1.0
838,1,4,1,3,1,2.0
839,0,0,0,1,1,1.0
839,1,4,2,4,1,2.0
840,0,0,0,1,1,1.0
840,1,4,1,3,1,2.0
841,0,0,0,1,1,1.0
841,1,4,2,4,1,2.0
842,0,0,0,1,1,1.0
842,1,4,1,3,1,2.0
843,0,0,0,1,1,1.0
843,1,4,1,3,1,2.0
844,0,0,0,1,1,1.0
844,1,4,2,4,1,2.0
845,0,0,0,1,1,1.0
845,1,4,2,4,1,2.0
846,0,0,0,1,1,1.0
846,1,4,1,3,1,2.0
847,0,0,0,0,1,1.0
847,1,4,0,1,1,2.0
848,0,0,0,1,1,1.0
848,1,4,1,3,1,2.0
849,0,0,0,1,1,1.0
849,1,4,1,3,1,2.0
850,0,0,0,1,1,1.0
850,1,4,1,3,1,2.0
851,0,0,0,1,1,1
851,1,1,31,31,0,1
851,2,2,15,210,0,1
851,3,2,0,218,0,1
851,4,3,4,219,0,1
851,5,1,90,304,0,1
851,6,0,90,568,1,1
855,0,0,0,1,1,1.0
855,1,4,1,3,1,1.25
856,0,0,0,1,1,1.0
856,1,4,2,4,1,2.0
857,0,0,0,1,1,1.0
857,1,4,1,3,1,2.0
858,0,0,0,1,1,1.0
858,1,4,1,3,1,1.25
858,2,4,260,208,1,2.0
859,0,0,0,0,1,1.0
859,1,4,0,1,1,1.5
860,0,0,0,1,1,1.0
860,1,4,3,5,1,2.0
861,0,0,0,0,1,1.0
861,1,4,0,1,1,2.0
862,0,0,0,1,1,1.0
862,1,4,2,4,1,2.0
862,2,3,23,13,1,2.0
862,3,6,34,20,1,1.0
862,4,4,109,89,1,1.5
863,0,0,0,1,1,1.0
863,1,4,1,3,1,2.0
864,0,0,0,1,1,1
865,0,0,0,1,1,1
866,0,0,0,1,1,1
867,0,0,0,1,1,1
868,0,0,0,1,1,1
869,0,0,0,1,1,1
870,0,0,0,1,1,1
870,1,0,64,69,1,1
871,0,0,0,1,1,1
872,0,0,0,1,1,1.0
872,1,4,16,17,1,2.0
873,0,0,0,1,1,1.0
873,1,4,13,14,1,2.0
874,0,0,0,1,1,1.0
874,1,2,11,15,1,1.0
874,2,1,11,15,0,1.0
874,3,0,11,24,1,1.0
874,4,4,15,29,1,1.25
874,5,1,18,31,0,1.25
874,6,0,18,66,1,1.25
874,7,4,43,87,1,1.5
874,8,0,177,187,1,1.5
874,9,0,180,213,1,1.5
874,10,4,227,245,1,2.0
875,0,0,0,0,1,1.0
875,1,4,5,1,1,1.5
875,2,0,86,72,1,1.5
875,3,4,117,93,1,2.0
876,0,0,0,1,1,1.0
876,1,4,3,5,1,1.5
876,2,4,132,90,1,2.0
877,0,0,0,2,1,1.0
877,1,4,2,5,1,1.5
877,2,2,17,40,1,1.5
877,3,4,57,67,1,2.0
878,0,0,0,0,1,1.0
878,1,4,0,1,1,1.25
879,0,0,0,0,1,1.0
879,1,4,0,1,1,1.25
881,0,0,0,1,1,1.0
881,1,4,13,14,1,1.25
882,0,0,0,1,1,1.0
882,1,4,12,14,1,1.5
883,0,0,0,1,1,1
884,0,0,0,1,1,1
885,0,0,0,1,1,1.0
885,1,4,5,7,1,1.5
887,0,0,166,1,1,1.0
887,1,2,151,6,1,1.0
887,2,2,100,11,1,1.0
887,3,2,65,16,1,1.0
887,4,1,65,18,0,1.0
887,5,0,65,20,1,1.0
887,6,4,83,38,1,2.0
888,0,0,0,0,1,1.0
888,1,4,0,1,1,1.5
889,0,0,0,1,1,1
890,0,0,0,1,1,1
890,1,1,1,2,0,1
890,2,0,1,28,1,1
890,3,1,7,34,0,1
891,0,0,0,1,1,1.0
891,1,4,2,4,1,1.5
892,0,0,0,1,1,1.0
892,1,1,8,9,0,1.0
892,2,0,8,25,1,1.0
892,3,1,20,37,0,1.0
892,4,0,20,83,1,1.0
892,5,4,56,119,1,1.5
892,6,2,0,123,1,1.5
892,7,1,205,259,0,1.5
892,8,0,205,294,1,1.5
892,9,4,333,380,1,2.0
893,0,0,0,1,1,1
893,1,1,95,95,0,1
893,2,0,95,169,1,1
894,0,0,0,1,1,1
895,0,0,0,1,1,1
897,0,0,0,1,1,1
897,1,3,23,18,1,1
897,2,3,101,28,1,1
897,3,3,196,37,1,1
897,4,3,205,42,1,1
897,5,2,0,43,1,1
897,6,3,216,45,1,1
898,0,0,0,1,1,1.0
898,1,4,5,6,1,1.5
899,0,0,0,1,1,1.0
899,1,4,65,66,1,1.5
900,0,0,0,1,1,1.0
900,1,4,1,3,1,1.5
901,0,0,0,1,1,1.0
901,1,5,13,14,1,0.5
901,2,4,14,16,1,1.5
902,0,0,0,1,1,1.0
902,1,4,18,19,1,1.5
903,0,0,0,1,1,1
904,0,0,0,1,1,1.0
904,1,4,1,3,1,1.5
904,2,6,16,13,1,1.0
905,0,0,0,1,1,1.0
905,1,4,7,9,1,1.5
906,0,0,0,1,1,1.0
906,1,4,15,17,1,1.25
907,0,0,0,0,1,1.0
907,1,4,4,1,1,1.25
908,0,0,0,1,1,1.0
908,1,4,2,4,1,1.5
909,0,0,0,1,1,1.0
909,1,4,1,3,1,1.5
911,0,0,0,1,1,1.0
911,1,2,38,53,1,1.0
911,2,3,70,84,1,1.0
911,3,2,109,144,1,1.0
911,4,2,102,150,1,1.0
911,5,2,105,170,1,1.0
911,6,2,143,217,1,1.0
911,7,2,140,222,1,1.0
911,8,2,134,228,1,1.0
911,9,4,191,286,1,1.25
911,10,6,250,334,1,1.0
913,0,0,0,1,1,1.0
913,1,2,59,75,1,1.0
913,2,2,123,147,1,1.0
913,3,2,230,282,1,1.0
913,4,3,252,291,1,1.0
913,5,4,259,300,1,1.25
913,6,6,265,305,1,1.0
913,7,4,273,313,1,1.25
914,0,0,0,1,1,1.0
914,1,1,1,2,0,1.0
914,2,0,1,171,1,1.0
914,3,4,2,173,1,2.0
915,0,0,429,3,1,1
916,0,0,0,1,1,1.0
916,1,1,16,17,0,1.0
916,2,0,16,133,1,1.0
916,3,2,16,156,1,1.0
916,4,3,41,160,1,1.0
916,5,2,38,164,1,1.0
916,6,3,41,165,1,1.0
916,7,2,48,185,1,1.0
916,8,4,75,217,1,1.25
918,0,0,0,1,1,1
918,1,2,189,203,1,1
919,0,0,307,5,1,1
920,0,0,0,1,1,1.0
920,1,4,34,35,1,2.0
920,2,3,72,51,1,2.0
920,3,6,156,96,1,1.0
920,4,4,161,101,1,2.0
923,0,0,0,1,1,1
923,1,2,0,59,1,1
923,2,1,59,118,0,1
923,3,0,59,404,1,1
923,4,1,60,405,0,1
923,5,0,60,458,1,1
926,0,0,0,1,1,1.0
926,1,4,13,15,1,2.0
927,0,0,465,7,1,1
929,0,0,0,1,1,1
929,1,3,61,4,1,1
930,0,0,0,1,1,1.0
930,1,4,17,18,1,2.0
932,0,0,0,1,1,1
932,1,3,171,6,1,1
933,0,0,171,1,1,1
934,0,0,0,1,1,1
934,1,3,453,16,1,1
940,0,0,0,1,1,1
940,1,3,134,13,1,1
943,0,0,0,1,1,1
943,1,3,123,3,1,1
947,0,0,0,1,1,1
947,1,3,167,7,1,1
953,0,0,0,1,1,1
954,0,0,0,1,1,1
954,1,3,316,3,1,1
957,0,0,0,1,1,1.0
957,1,2,20,39,1,1.0
957,2,4,173,194,1,1.25
958,0,0,0,1,1,1
958,1,3,309,3,1,1
960,0,0,0,1,1,1.0
960,1,4,19,20,1,1.25
961,0,0,0,0,1,1.0
961,1,4,0,1,1,2.0
964,0,0,0,0,1,1.0
964,1,4,0,1,1,1.25
964,2,2,32,36,1,1.25
964,3,4,173,153,1,2.0
964,4,4,221,177,1,1.25
965,0,0,274,1,1,1
967,0,0,0,1,1,1.0
967,1,4,12,13,1,1.25
971,0,0,0,0,1,1.0
971,1,4,0,1,1,2.0
973,0,0,0,1,1,1.0
973,1,4,2,4,1,2.0
976,0,0,0,1,1,1
976,1,1,20,21,0,1
976,2,0,20,23,1,1
976,3,1,26,29,0,1
976,4,0,26,38,1,1
976,5,1,28,40,0,1
976,6,0,28,42,1,1
976,7,1,101,115,0,1
976,8,0,101,139,1,1
977,0,0,0,1,1,1
978,0,0,0,1,1,1
979,0,0,0,1,1,1.0
979,1,4,2,4,1,2.0
980,0,0,0,1,1,1
981,0,0,0,1,1,1
981,1,1,15,15,0,1
981,2,0,15,34,1,1
982,0,0,0,1,1,1
983,0,0,0,1,1,1
984,0,0,0,1,1,1
985,0,0,0,1,1,1
985,1,1,132,132,0,1
985,2,0,132,451,1,1
986,0,0,0,1,1,1
987,0,0,0,1,1,1
989,0,0,0,1,1,1
990,0,0,0,1,1,1
991,0,0,0,1,1,1
992,0,0,0,1,1,1.0
992,1,4,3,5,1,2.0
993,0,0,0,1,1,1.0
993,1,1,12,13,0,1.0
993,2,0,12,38,1,1.0
993,3,2,0,42,1,1.0
993,4,3,10,43,1,1.0
993,5,2,8,47,1,1.0
993,6,2,20,63,1,1.0
993,7,2,18,68,1,1.0
993,8,4,40,92,1,2.0
994,0,0,0,1,1,1.0
994,1,1,1,2,0,1.0
994,2,0,1,4,1,1.0
994,3,4,7,11,1,2.0
995,0,0,0,1,1,1.0
995,1,4,1,3,1,2.0
996,0,0,0,1,1,1.0
996,1,4,7,9,1,2.0
997,0,0,0,1,1,1.0
997,1,4,4,6,1,2.0
998,0,0,0,1,1,1.0
998,1,4,1,3,1,2.0
999,0,0,0,0,1,1.0
999,1,4,0,1,1,2.0
1000,0,0,0,1,1,1.0
1000,1,4,1,3,1,2.0
1001,0,0,0,0,1,1.0
1001,1,4,0,1,1,2.0
1002,0,0,0,1,1,1.0
1002,1,4,4,6,1,2.0
1003,0,0,0,1,1,1.0
1003,1,4,5,4,1,2.0
1004,0,0,0,1,1,1.0
1004,1,4,1,3,1,2.0
1005,0,0,0,1,1,1.0
1005,1,4,27,29,1,1.25
1006,0,0,85,121,1,1.5
1006,1,4,109,138,1,2.0
1007,0,0,0,1,1,1.0
1007,1,4,5,7,1,2.0
1008,0,0,0,1,1,1.0
1008,1,4,156,157,1,2.0
1009,0,0,0,0,1,1.0
1009,1,4,0,1,1,2.0
1010,0,0,0,1,1,1.0
1010,1,4,136,130,1,1.5
1011,0,0,0,1,1,1.0
1011,1,4,87,88,1,2.0
1011,2,6,103,96,1,1.0
1012,0,0,0,1,1,1
1013,0,0,0,1,1,1
1014,0,0,0,1,1,1
1015,0,0,0,1,1,1
1015,1,2,83,110,1,1
1016,0,0,0,1,1,1
1016,1,1,6,7,0,1
1016,2,0,6,40,1,1
1016,3,1,120,153,0,1
1016,4,0,120,155,1,1
1017,0,0,0,1,1,1
1018,0,0,0,1,1,1.0
1018,1,4,5,7,1,2.0
1019,0,0,0,1,1,1.0
1019,1,2,9,18,1,1.0
1019,2,1,10,19,0,1.0
1019,3,0,10,67,1,1.0
1019,4,4,47,105,1,1.25
1019,5,6,74,126,1,1.0
1019,6,4,76,128,1,1.25
1019,7,4,205,231,1,1.5
1019,8,4,288,287,1,2.0
1020,0,0,0,1,1,1.0
1020,1,4,3,5,1,2.0
1021,0,0,0,1,1,1.0
1021,1,4,3,5,1,2.0
1022,0,0,0,1,1,1.0
1022,1,4,1,3,1,2.0
1023,0,0,0,1,1,1
1023,1,1,56,56,0,1
1023,2,0,56,74,1,1
1023,3,2,83,108,1,1
1023,4,1,83,109,0,1
1023,5,0,83,189,1,1
1024,0,0,0,1,1,1
1024,1,1,54,54,0,1
1024,2,0,54,181,1,1
1024,3,1,162,289,0,1
1024,4,0,162,293,1,1
1024,5,1,181,312,0,1
1024,6,0,181,332,1,1
1025,0,0,0,1,1,1
1025,1,1,51,51,0,1
1025,2,0,51,101,1,1
1025,3,1,301,350,0,1
1025,4,0,301,403,1,1
1025,5,2,352,471,1,1
1025,6,1,421,544,0,1
1025,7,0,421,608,1,1
1026,0,0,258,66,1,1
1026,1,3,430,80,1,1
1026,2,1,430,81,0,1
1026,3,0,430,83,1,1
1027,0,0,0,1,1,1.0
1027,1,2,8,19,1,1.0
1027,2,1,9,20,0,1.0
1027,3,0,9,156,1,1.0
1027,4,1,12,159,0,1.0
1027,5,0,12,164,1,1.0
1027,6,2,15,176,1,1.0
1027,7,4,42,204,1,1.25
1029,0,0,0,1,1,1.0
1029,1,1,65,66,0,1.0
1029,2,0,65,92,1,1.0
1029,3,1,98,125,0,1.0
1029,4,0,98,266,1,1.0
1029,5,1,104,272,0,1.0
1029,6,0,104,393,1,1.0
1029,7,4,202,492,1,1.25
1030,0,0,250,23,1,1.0
1030,1,4,255,29,1,2.0
1031,0,0,0,1,1,1.0
1031,1,1,26,27,0,1.0
1031,2,0,26,43,1,1.0
1031,3,4,43,61,1,1.25
1033,0,0,0,1,1,1
1033,1,1,5,6,0,1
1033,2,0,5,94,1,1
1033,3,1,114,203,0,1
1033,4,0,114,256,1,1
1034,0,0,0,1,1,1
1034,1,3,123,3,1,1
1035,0,0,0,1,1,1
1035,1,2,234,286,1,1
1035,2,2,43,291,1,1
1035,3,2,61,355,1,1
1035,4,3,184,357,1,1
1035,5,3,369,366,1,1
1035,6,2,242,367,1,1
1035,7,1,294,420,0,1
1035,8,2,220,478,0,1
1035,9,3,253,480,0,1
1035,10,1,254,482,0,1
1035,11,3,346,542,0,1
1035,12,1,361,561,0,1
1035,13,0,361,605,1,1
1035,14,1,403,647,0,1
1035,15,0,403,771,1,1
1035,16,1,438,806,0,1
1035,17,0,438,820,1,1
1036,0,0,0,1,1,1.0
1036,1,3,122,3,1,1.0
1036,2,4,132,15,1,1.5
1037,0,0,0,1,1,1
1039,0,0,0,1,1,1
1041,0,0,0,1,1,1.0
1041,1,4,10,12,1,1.25
1041,2,6,15,16,1,1.0
1042,0,0,0,1,1,1.0
1042,1,4,22,24,1,1.25
1043,0,0,0,1,1,1
1044,0,0,0,1,1,1.0
1044,1,4,91,92,1,1.25
1045,0,0,0,1,1,1
1046,0,0,0,1,1,1
1047,0,0,0,1,1,1
1048,0,0,0,1,1,1
1049,0,0,0,1,1,1
1050,0,0,0,1,1,1
1051,0,0,0,1,1,1
1052,0,0,0,1,1,1
1052,1,3,305,3,1,1
1053,0,0,0,1,1,1
1053,1,1,11,13,0,1
1053,2,0,11,18,1,1
1053,3,2,2,22,1,1
1053,4,1,94,115,0,1
1053,5,0,94,123,1,1
1053,6,1,190,219,0,1
1053,7,0,190,284,1,1
1053,8,2,188,295,1,1
1053,9,3,194,296,1,1
1053,10,1,195,297,0,1
1053,11,0,195,309,1,1
1054,0,0,0,1,1,1
1054,1,2,43,55,1,1
1054,2,1,44,56,0,1
1054,3,0,44,77,1,1
1054,4,1,144,178,0,1
1054,5,0,144,230,1,1
1054,6,2,125,288,1,1
1054,7,3,201,291,1,1
1054,8,2,188,295,1,1
1054,9,1,195,302,0,1
1054,10,0,195,361,1,1
1055,0,0,0,1,1,1.0
1055,1,2,12,26,1,1.0
1055,2,1,22,36,0,1.0
1055,3,0,22,100,1,1.0
1055,4,1,31,109,0,1.0
1055,5,0,31,182,1,1.0
1055,6,1,61,212,0,1.0
1055,7,0,61,255,1,1.0
1055,8,1,93,287,0,1.0
1055,9,0,93,289,1,1.0
1055,10,4,213,410,1,1.5
1055,11,4,259,441,1,1.25
1056,0,0,0,1,1,1
1056,1,1,97,98,0,1
1056,2,0,97,371,1,1
1056,3,1,98,372,0,1
1056,4,0,98,374,1,1
1062,0,0,0,1,1,1
1062,1,1,59,59,0,1
1062,2,0,59,67,1,1
1062,3,2,54,106,1,1
1063,0,0,0,1,1,1
1063,1,1,11,11,0,1
1063,2,0,11,39,1,1
1063,3,1,60,87,0,1
1063,4,0,60,103,1,1
1063,5,1,64,107,0,1
1063,6,0,64,199,1,1
1064,0,0,0,1,1,1
1064,1,1,27,27,0,1
1064,2,0,27,46,1,1
1064,3,1,60,79,0,1
1064,4,0,60,168,1,1
1064,5,1,85,193,0,1
1064,6,0,85,199,1,1
1065,0,0,0,1,1,1
1066,0,0,0,1,1,1
1067,0,0,0,1,1,1
1067,1,3,456,8,1,1
1067,2,3,464,13,1,1
1068,0,0,0,1,1,1
1068,1,1,24,24,0,1
1068,2,0,24,66,1,1
1068,3,1,61,102,0,1
1068,4,0,61,107,1,1
1068,5,2,28,136,1,1
1069,0,0,0,1,1,1
1069,1,2,142,185,1,1
1070,0,0,0,1,1,1
1070,1,1,11,11,0,1
1070,2,0,11,47,1,1
1070,3,1,120,155,0,1
1070,4,0,120,165,1,1
1071,0,0,0,1,1,1
1071,1,1,29,29,0,1
1071,2,0,29,47,1,1
1071,3,1,65,83,0,1
1071,4,0,65,86,1,1
1071,5,1,86,107,0,1
1071,6,0,86,109,1,1
1071,7,1,95,118,0,1
1071,8,0,95,155,1,1
1071,9,1,96,156,0,1
1071,10,0,96,159,1,1
1071,11,1,108,171,0,1
1071,12,0,108,431,1,1
1072,0,0,0,1,1,1
1072,1,2,20,45,1,1
1073,0,0,0,1,1,1
1073,1,1,84,85,0,1
1073,2,0,84,87,1,1
1074,0,0,0,1,1,1
1074,1,1,6,7,0,1
1074,2,0,6,68,1,1
1074,3,2,101,177,1,1
1074,4,2,137,237,1,1
1074,5,2,157,282,1,1
1075,0,0,0,1,1,1
1076,0,0,0,1,1,1
1076,1,1,11,11,0,1
1076,2,0,11,49,1,1
1076,3,1,34,72,0,1
1076,4,2,24,114,0,1
1076,5,1,24,114,0,1
1076,6,0,24,116,1,1
1076,7,1,32,124,0,1
1076,8,0,32,131,1,1
1076,9,1,33,132,0,1
1076,10,0,33,175,1,1
1076,11,1,35,177,0,1
1076,12,0,35,197,1,1
1076,13,1,37,199,0,1
1076,14,0,37,213,1,1
1076,15,1,40,216,0,1
1076,16,0,40,218,1,1
1076,17,1,61,239,0,1
1076,18,0,61,254,1,1
1076,19,1,66,259,0,1
1076,20,0,66,284,1,1
1076,21,1,74,292,0,1
1076,22,0,74,318,1,1
1076,23,1,91,335,0,1
1076,24,0,91,360,1,1
1076,25,0,107,415,1,1
1076,26,1,115,423,0,1
1076,27,0,115,440,1,1
1076,28,1,155,479,0,1
1076,29,0,155,497,1,1
1076,30,2,214,585,1,1
1076,31,1,219,590,0,1
1076,32,0,219,593,1,1
1076,33,1,225,599,0,1
1076,34,0,225,619,1,1
1076,35,3,248,622,1,1
1077,0,0,0,1,1,1
1077,1,1,201,200,0,1
1077,2,0,201,243,1,1
1078,0,0,0,1,1,1
1079,0,0,0,1,1,1
1080,0,0,0,1,1,1
1081,0,0,0,1,1,1
1081,1,1,54,54,0,1
1081,2,0,54,67,1,1
1081,3,2,100,131,1,1
1081,4,2,106,147,1,1
1081,5,2,219,269,1,1
1081,6,2,219,306,1,1
1082,0,0,0,1,1,1
1082,1,2,180,201,1,1
1082,2,1,222,244,0,1
1082,3,0,222,293,1,1
1082,4,1,227,298,0,1
1082,5,0,227,537,1,1
1082,6,1,300,610,0,1
1082,7,0,300,616,1,1
1082,8,1,327,642,0,1
1082,9,0,327,696,1,1
1082,10,2,375,755,1,1
1082,11,1,375,756,0,1
1082,12,0,375,758,1,1
1082,13,1,384,766,0,1
1082,14,0,384,798,1,1
1082,15,2,383,801,1,1
1082,16,1,385,803,0,1
1082,17,0,385,808,1,1
1082,18,1,391,815,0,1
1082,19,0,391,817,1,1
1082,20,1,393,819,0,1
1082,21,2,389,822,0,1
1082,22,1,394,828,0,1
1082,23,2,385,831,0,1
1082,24,3,390,833,0,1
1082,25,1,407,850,0,1
1082,26,0,407,852,1,1
1082,27,1,419,864,0,1
1082,28,0,419,875,1,1
1083,0,0,0,1,1,1
1083,1,1,40,40,0,1
1083,2,2,36,50,0,1
1083,3,1,36,50,0,1
1083,4,3,40,55,0,1
1083,5,1,40,55,0,1
1083,6,0,40,60,1,1
1083,7,1,60,81,0,1
1083,8,0,60,84,1,1
1083,9,1,64,88,0,1
1083,10,0,64,103,1,1
1083,11,1,93,133,0,1
1083,12,0,93,394,1,1
1083,13,1,107,408,0,1
1083,14,0,107,410,1,1
1083,15,1,108,411,0,1
1083,16,0,108,603,1,1
1083,17,1,123,618,0,1
1083,18,0,123,648,1,1
1083,19,1,126,651,0,1
1083,20,0,126,654,1,1
1083,21,1,133,661,0,1
1083,22,0,133,663,1,1
1083,23,1,136,666,0,1
1083,24,0,136,668,1,1
1083,25,2,163,701,1,1
1083,26,3,171,703,1,1
1083,27,2,285,829,1,1
1083,28,1,285,829,0,1
1083,29,0,285,839,1,1
1084,0,0,0,26,1,1.0
1084,1,2,11,49,1,1.0
1084,2,1,60,98,0,1.0
1084,3,0,60,220,1,1.0
1084,4,1,70,230,0,1.0
1084,5,0,70,383,1,1.0
1084,6,1,80,393,0,1.0
1084,7,0,80,665,1,1.0
1084,8,2,85,677,1,1.0
1084,9,1,113,705,0,1.0
1084,10,0,113,718,1,1.0
1084,11,4,132,738,1,1.5
1085,0,0,0,1,1,1
1085,1,1,61,61,0,1
1085,2,0,61,90,1,1
1085,3,1,100,129,0,1
1085,4,0,100,143,1,1
1086,0,0,0,1,1,1.0
1086,1,1,11,12,0,1.0
1086,2,0,11,204,1,1.0
1086,3,4,19,213,1,1.5
1089,0,0,0,153,1,1
1089,1,1,1,154,0,1
1089,2,0,1,156,1,1
1089,3,1,6,161,0,1
1089,4,0,6,991,1,1
1089,5,1,11,996,0,1
1089,6,0,11,1001,1,1
1089,7,1,20,1010,0,1
1089,8,0,20,1022,1,1
1089,9,1,21,1023,0,1
1089,10,0,21,1026,1,1
1089,11,1,24,1029,0,1
1089,12,0,24,1033,1,1
1089,13,1,40,1049,0,1
1089,14,2,39,1161,0,1
1089,15,1,39,1161,0,1
1089,16,0,39,1540,1,1
1089,17,2,34,1545,1,1
1089,18,2,115,1631,1,1
1089,19,1,115,1631,0,1
1089,20,0,115,1747,1,1
1089,21,2,115,1749,1,1
1089,22,1,115,1749,0,1
1089,23,2,114,2455,0,1
1089,24,1,114,2455,0,1
1089,25,0,114,2460,1,1
1089,26,1,172,2517,0,1
1092,0,0,0,1,1,1
1092,1,2,9,20,1,1
1092,2,1,9,24,0,1
1092,3,2,6,27,0,1
1092,4,1,10,31,0,1
1092,5,0,10,58,1,1
1092,6,1,12,60,0,1
1092,7,0,12,75,1,1
1092,8,1,25,88,0,1
1092,9,2,17,102,0,1
1092,10,1,26,112,0,1
1092,11,0,26,154,1,1
1092,12,1,28,156,0,1
1092,13,0,28,174,1,1
1092,14,2,29,182,1,1
1092,15,1,31,184,0,1
1092,16,0,31,210,1,1
1092,17,2,29,213,1,1
1092,18,2,59,256,1,1
1092,19,2,54,263,1,1
1092,20,1,60,271,0,1
1092,21,2,53,519,0,1
1092,22,1,59,529,0,1
1092,23,2,55,551,0,1
1092,24,1,59,556,0,1
1092,25,0,59,562,1,1
1092,26,1,65,568,0,1
1092,27,0,65,607,1,1
1092,28,1,71,613,0,1
1092,29,0,71,631,1,1
1092,30,1,74,634,0,1
1092,31,0,74,639,1,1
1092,32,1,76,641,0,1
1092,33,2,70,648,0,1
1092,34,1,70,648,0,1
1092,35,0,70,673,1,1
1092,36,1,82,684,0,1
1092,37,2,77,700,0,1
1092,38,1,81,704,0,1
1092,39,0,81,727,1,1
1092,40,1,109,755,0,1
1092,41,0,109,806,1,1
1092,42,1,115,812,0,1
1092,43,2,113,852,0,1
1092,44,1,116,855,0,1
1092,45,2,114,866,0,1
1095,0,0,0,1,1,1
1096,0,0,0,1,1,1
1096,1,1,3,4,0,1
1096,2,0,3,37,1,1
1096,3,1,11,45,0,1
1096,4,0,11,75,1,1
1096,5,2,22,98,1,1
1096,6,1,22,100,0,1
1096,7,0,22,425,1,1
1096,8,2,30,439,1,1
1096,9,1,75,485,0,1
1096,10,0,75,679,1,1
1096,11,1,77,681,0,1
1096,12,0,77,723,1,1
1096,13,1,141,787,0,1
1096,14,0,141,804,1,1
1096,15,1,143,806,0,1
1096,16,2,134,830,0,1
1096,17,2,120,835,0,1
1096,18,2,119,840,0,1
1096,19,1,214,934,0,1
1096,20,2,205,974,0,1
1099,0,0,0,1,1,1
1101,0,0,0,1,1,1
1101,1,1,126,126,0,1
1101,2,0,126,188,1,1
1102,0,0,115,100,1,1
1105,0,0,14,5,1,1
1105,1,1,80,70,0,1
1105,2,0,80,79,1,1
1107,0,0,0,1,1,1
1108,0,0,0,1,1,1
1108,1,1,5,6,0,1
1108,2,0,5,574,1,1
1108,3,1,6,575,0,1
1108,4,0,6,792,1,1
1108,5,1,43,829,0,1
1108,6,0,43,3157,1,1
1108,7,2,61,3189,1,1
1108,8,2,50,3194,1,1
1108,9,2,60,3212,1,1
1108,10,1,61,3214,0,1
1108,11,0,61,3230,1,1
1108,12,2,59,3234,1,1
1108,13,1,59,3234,0,1
1108,14,0,59,3236,1,1
1108,15,1,125,3302,0,1
1108,16,0,125,3395,1,1
1110,0,0,0,1,1,1
1111,0,0,0,1,1,1
1111,1,2,17,22,1,1
1111,2,1,17,24,0,1
1111,3,0,17,31,1,1
1112,0,0,0,1,1,1
1115,0,0,0,1,1,1
1115,1,3,89,6,1,1
1115,2,2,0,7,1,1
1117,0,0,0,1,1,1
1117,1,2,54,66,1,1
1117,2,1,54,67,0,1
1117,3,2,4,353,0,1
1117,4,2,68,423,0,1
1117,5,1,68,423,0,1
1117,6,2,50,727,0,1
1117,7,2,102,808,0,1
1117,8,2,104,838,0,1
1117,9,1,145,881,0,1
1117,10,0,145,1025,1,1
1117,11,2,135,1030,1,1
1119,0,0,0,1,1,1
1119,1,1,5,6,0,1
1119,2,0,5,64,1,1
1120,0,0,0,1,1,1
1120,1,2,118,134,1,1
1122,0,0,0,1,1,1
1122,1,1,12,12,0,1
1122,2,0,12,356,1,1
1122,3,2,12,376,1,1
1122,4,3,15,378,1,1
1122,5,1,15,378,0,1
1122,6,0,15,385,1,1
1122,7,2,27,403,1,1
1122,8,2,33,414,1,1
1122,9,2,38,428,1,1
1122,10,1,39,432,0,1
1122,11,0,39,892,1,1
1122,12,1,52,905,0,1
1122,13,0,52,945,1,1
1122,14,2,21,948,1,1
1122,15,2,71,1041,1,1
1122,16,1,83,1055,0,1
1122,17,0,83,1087,1,1
1122,18,2,161,1175,1,1
1122,19,2,163,1181,1,1
1123,0,0,0,2,1,1.0
1123,1,4,48,50,1,1.5
1124,0,0,0,1,1,1.0
1124,1,4,1,3,1,1.5
1125,0,0,132,78,1,1.5
1125,1,1,137,82,0,1.5
1125,2,0,137,97,1,1.5
1125,3,1,138,98,0,1.5
1125,4,0,138,153,1,1.5
1125,5,2,145,160,1,1.5
1125,6,1,145,163,0,1.0
1125,7,2,144,167,0,1.0
1125,8,2,144,173,0,1.0
1125,9,6,148,177,0,1.0
1125,10,5,149,178,0,0.5
1125,11,0,150,179,1,0.5
1125,12,6,152,183,1,1.0
1125,13,4,149,178,1,1.5
1126,0,0,0,1,1,1.0
1126,1,4,2,4,1,1.5
1126,2,2,20,18,1,1.5
1126,3,1,21,20,0,1.5
1126,4,0,21,44,1,1.5
1126,5,2,17,48,1,1.5
1126,6,2,14,53,1,1.5
1126,7,2,23,102,1,1.5
1126,8,1,62,129,0,1.5
1126,9,2,54,135,0,1.5
1126,10,1,54,136,0,1.5
1126,11,2,50,160,0,1.5
1126,12,2,63,170,0,1.5
1126,13,1,63,170,0,1.0
1126,14,0,63,223,1,1.0
1126,15,0,93,447,1,1.0
1126,16,4,177,504,1,2.0
1127,0,0,0,1,1,1.0
1127,1,4,2,3,1,1.5
1127,2,4,31,23,1,1.25
1127,3,6,31,23,1,1.0
1127,4,5,31,23,1,0.5
1127,5,0,32,24,1,0.5
1127,6,4,33,26,1,2.0
1132,0,0,0,2,1,1
1132,1,3,69,11,1,1
1132,2,2,30,20,1,1
1132,3,3,45,22,1,1
1132,4,2,17,24,1,1
1132,5,3,47,26,1,1
1132,6,3,255,131,1,1
1133,0,0,0,2,1,1
1133,1,3,29,18,1,1
1133,2,3,75,24,1,1
1133,3,1,78,30,0,1
1133,4,3,83,69,0,1
1133,5,2,59,72,0,1
1133,6,1,72,79,0,1
1133,7,3,75,118,0,1
1133,8,3,135,141,0,1
1133,9,3,146,149,0,1
1133,10,3,164,154,0,1
1133,11,1,164,154,0,1
1133,12,2,150,157,0,1
1134,0,0,0,1,1,1
1134,1,3,37,24,1,1
1134,2,2,22,25,1,1
1134,3,2,0,30,1,1
1134,4,1,36,67,0,1
1134,5,0,36,117,1,1
1134,6,1,65,146,0,1
1134,7,0,65,185,1,1
1135,0,0,0,2,1,1
1135,1,3,285,272,1,1
1135,2,3,348,304,1,1
1135,3,3,396,324,1,1
1135,4,3,441,340,1,1
1136,0,0,0,2,1,1
1136,1,1,4,7,0,1
1136,2,0,4,12,1,1
1137,0,0,0,2,1,1
1137,1,1,1,3,0,1
1137,2,2,0,41,0,1
1137,3,1,7,48,0,1
1137,4,0,7,51,1,1
1137,5,2,102,122,1,1
1138,0,0,0,2,1,1
1138,1,3,6,6,1,1
1138,2,0,8,37,1,1
1138,3,0,37,68,1,1
1138,4,3,385,239,1,1
1139,0,0,0,2,1,1
1139,1,3,74,12,1,1
1139,2,2,0,15,1,1
1139,3,3,92,19,1,1
1139,4,2,0,20,1,1
1139,5,1,1,21,0,1
1139,6,0,1,81,1,1
1140,0,0,0,2,1,1
1140,1,3,4,4,1,1
1140,2,3,50,20,1,1
1140,3,2,70,69,1,1
1140,4,3,124,76,1,1
1140,5,3,150,83,1,1
1142,0,0,0,1,1,1
1142,1,2,0,4,1,1
1142,2,3,47,27,1,1
1143,0,0,0,3,1,1
1143,1,3,5,6,1,1
1143,2,2,9,16,1,1
1144,0,0,0,2,1,1
1144,1,3,5,4,1,1
1144,2,2,0,22,1,1
1144,3,2,30,59,1,1
1144,4,1,105,119,0,1
1144,5,0,105,127,1,1
1144,6,1,115,136,0,1
1144,7,0,115,161,1,1
1144,8,1,156,194,0,1
1144,9,0,156,230,1,1
1145,0,0,0,2,1,1
1145,1,0,22,73,1,1
1145,2,0,36,86,1,1
1145,3,1,80,116,0,1
1145,4,0,80,166,1,1
1146,0,0,0,2,1,1
1146,1,3,5,5,1,1
1146,2,3,32,18,1,1
1146,3,3,83,43,1,1
1146,4,3,134,68,1,1
1146,5,3,185,93,1,1
1148,0,0,0,2,1,1
1148,1,3,5,4,1,1
1148,2,3,47,25,1,1
1148,3,3,98,50,1,1
1148,4,3,149,75,1,1
1148,5,3,168,85,1,1
1148,6,0,174,90,1,1
1149,0,0,0,2,1,1
1149,1,2,186,113,1,1
1149,2,3,219,118,1,1
1149,3,2,205,123,1,1
1149,4,1,205,124,0,1
1149,5,0,205,126,1,1
1149,6,2,5,182,1,1
1149,7,3,105,185,1,1
1149,8,3,122,190,1,1
1149,9,2,115,192,1,1
1149,10,3,141,193,1,1
1149,11,3,255,205,1,1
1149,12,3,320,210,1,1
1149,13,1,320,212,0,1
1150,0,0,0,2,1,1
1150,1,2,4,21,1,1
1150,2,2,166,176,1,1
1150,3,2,175,290,1,1
1150,4,2,0,296,1,1
1150,5,3,52,328,1,1
1150,6,2,39,330,1,1
1150,7,2,64,369,1,1
1150,8,2,147,462,1,1
1150,9,2,120,477,1,1
1150,10,3,129,480,1,1
1150,11,1,130,481,0,1
1150,12,3,182,513,0,1
1150,13,2,179,516,0,1
1150,14,3,192,517,0,1
1150,15,2,186,518,0,1
1150,16,1,186,518,0,1
1150,17,0,186,536,1,1
1150,18,2,180,559,1,1
1150,19,3,243,574,1,1
1150,20,3,304,598,1,1
1151,0,0,0,2,1,1
1151,1,2,118,92,1,1
1151,2,3,133,93,1,1
1151,3,2,182,135,1,1
1152,0,0,0,2,1,1
1152,1,2,16,62,1,1
1152,2,3,32,66,1,1
1152,3,0,98,135,1,1
1152,4,3,225,169,1,1
1152,5,3,258,174,1,1
1153,0,0,0,2,1,1
1153,1,3,10,10,1,1
1153,2,2,77,75,1,1
1153,3,2,0,88,1,1
1153,4,3,85,101,1,1
1154,0,0,0,0,1,1.0
1154,1,4,0,1,1,2.0
1155,0,0,250,0,1,1.0
1155,1,4,250,1,1,2.0
1156,0,0,0,0,1,1.0
1156,1,4,0,1,1,2.0
1157,0,0,0,1,1,1.0
1157,1,4,1,3,1,2.0
1158,0,0,0,0,1,1.0
1158,1,4,0,1,1,2.0
1159,0,0,0,1,1,1.0
1159,1,4,26,25,1,2.0
1160,0,0,0,0,1,1.0
1160,1,4,0,1,1,2.0
1161,0,0,0,0,1,1.0
1161,1,4,0,1,1,2.0
1162,0,0,0,0,1,1.0
1162,1,4,0,1,1,2.0
1163,0,0,0,1,1,1.0
1163,1,4,2,4,1,2.0
1165,0,0,0,0,1,1.0
1165,1,4,0,1,1,2.0
1166,0,0,0,1,1,1.0
1166,1,4,3,5,1,2.0
1167,0,0,0,1,1,1.0
1167,1,4,1,3,1,2.0
1169,0,0,0,0,1,1.0
1169,1,4,0,1,1,2.0
1170,0,0,0,0,1,1.0
1170,1,4,0,1,1,2.0
1171,0,0,0,1,1,1.0
1171,1,4,1,3,1,2.0
1172,0,0,0,0,1,1.0
1172,1,4,0,1,1,2.0
1173,0,0,0,0,1,1.0
1173,1,4,0,1,1,2.0
1174,0,0,0,0,1,1.0
1174,1,4,0,1,1,2.0
1175,0,0,0,1,1,1.0
1175,1,4,1,3,1,2.0
1177,0,0,0,0,1,1.0
1177,1,4,0,1,1,2.0
1178,0,0,0,0,1,1.0
1178,1,4,0,1,1,2.0
1180,0,0,0,0,1,1.0
1180,1,4,0,1,1,2.0
1181,0,0,0,1,1,1.0
1181,1,4,2,4,1,2.0
1182,0,0,0,1,1,1.0
1182,1,4,2,4,1,2.0
1183,0,0,0,1,1,1.0
1183,1,4,6,5,1,2.0
1184,0,0,0,0,1,1.0
1184,1,4,0,1,1,2.0
1185,0,0,0,1,1,1.0
1185,1,3,14,4,1,1.0
1185,2,2,28,58,1,1.0
1185,3,4,2,60,1,2.0
1186,0,0,0,1,1,1.0
1186,1,4,1,3,1,2.0
1187,0,0,0,1,1,1.0
1187,1,4,76,77,1,1.25
1188,0,0,0,1,1,1
1189,0,0,0,1,1,1.0
1189,1,4,1,3,1,1.25
1190,0,0,0,1,1,1.0
1190,1,4,2,4,1,1.25
1191,0,0,0,1,1,1
1192,0,0,0,68,1,1
1193,0,0,0,1,1,1
1194,0,0,0,1,1,1
1195,0,0,0,1,1,1
1196,0,0,0,1,1,1
1196,1,2,21,55,1,1
1196,2,2,11,60,1,1
1196,3,3,58,72,1,1
1197,0,0,0,1,1,1
1197,1,2,119,124,1,1
1198,0,0,0,1,1,1
1200,0,0,0,1,1,1
1201,0,0,0,1,1,1
1202,0,0,0,1,1,1
1203,0,0,0,1,1,1
1204,0,0,0,1,1,1
1205,0,0,0,1,1,1
1205,1,2,11,27,1,1
1205,2,3,30,33,1,1
1205,3,3,173,121,1,1
1205,4,2,0,122,1,1
1205,5,3,173,123,1,1
1206,0,0,0,1,1,1
1207,0,0,0,1,1,1
1208,0,0,0,1,1,1
1209,0,0,0,1,1,1
1210,0,0,0,1,1,1
1211,0,0,0,1,1,1
1211,1,1,114,114,0,1
1211,2,0,114,118,1,1
1211,3,1,115,119,0,1
1211,4,0,115,149,1,1
1212,0,0,0,1,1,1
1213,0,0,0,1,1,1
1214,0,0,0,1,1,1
1215,0,0,0,1,1,1
1216,0,0,0,1,1,1
1217,0,0,0,1,1,1
1217,1,1,58,57,0,1
1217,2,0,58,92,1,1
1217,3,1,62,96,0,1
1217,4,0,62,115,1,1
1217,5,1,78,130,0,1
1217,6,0,78,168,1,1
1217,7,1,132,221,0,1
1217,8,0,132,227,1,1
1217,9,2,168,265,1,1
1217,10,1,169,266,0,1
1217,11,0,169,274,1,1
1218,0,0,0,1,1,1
1218,1,1,229,224,0,1
1218,2,0,229,238,1,1
1218,3,1,265,274,0,1
1218,4,0,265,277,1,1
1218,5,1,266,278,0,1
1218,6,0,266,280,1,1
1218,7,1,301,317,0,1
1218,8,0,301,324,1,1
1219,0,0,0,1,1,1
1219,1,2,14,18,1,1
1219,2,1,15,19,0,1
1219,3,0,15,43,1,1
1219,4,1,146,171,0,1
1219,5,0,146,181,1,1
1219,6,1,152,187,0,1
1219,7,0,152,200,1,1
1219,8,1,196,243,0,1
1219,9,0,196,260,1,1
1220,0,0,0,1,1,1
1220,1,1,79,78,0,1
1220,2,0,79,89,1,1
1221,0,0,0,1,1,1
1221,1,2,0,13,1,1
1221,2,1,0,15,0,1
1221,3,0,0,25,1,1
1222,0,0,0,1,1,1
1222,1,3,117,6,1,1
1222,2,2,0,7,1,1
1222,3,3,121,9,1,1
1222,4,1,124,12,0,1
1222,5,0,124,23,1,1
1223,0,0,0,1,1,1
1223,1,1,294,288,0,1
1223,2,0,294,306,1,1
1223,3,1,427,436,0,1
1223,4,0,427,441,1,1
1224,0,0,0,1,1,1
1224,1,1,58,57,0,1
1224,2,0,58,77,1,1
1225,0,0,0,1,1,1
1225,1,1,27,27,0,1
1225,2,2,12,30,0,1
1225,3,1,34,55,0,1
1225,4,0,34,65,1,1
1225,5,2,37,71,1,1
1225,6,2,35,76,1,1
1225,7,1,35,76,0,1
1225,8,0,35,81,1,1
1225,9,1,68,113,0,1
1225,10,0,68,124,1,1
1226,0,0,0,1,1,1
1226,1,1,38,38,0,1
1226,2,0,38,49,1,1
1227,0,0,0,1,1,1
1228,0,0,0,1,1,1
1231,0,0,0,1,1,1
1232,0,0,0,1,1,1
1232,1,2,41,49,1,1
1232,2,1,42,50,0,1
1232,3,0,42,58,1,1
1233,0,0,0,1,1,1
1234,0,0,0,1,1,1
1235,0,0,0,1,1,1
1236,0,0,0,1,1,1
1238,0,0,0,1,1,1
1239,0,0,0,1,1,1
1239,1,1,1,2,0,1
1239,2,0,1,7,1,1
1239,3,2,11,20,1,1
1239,4,1,11,20,0,1
1239,5,0,11,36,1,1
1240,0,0,0,1,1,1
1240,1,1,140,137,0,1
1240,2,0,140,147,1,1
1240,3,2,189,199,1,1
1240,4,1,189,202,0,1
1240,5,0,189,212,1,1
1241,0,0,0,1,1,1
1242,0,0,0,1,1,1
1242,1,1,81,80,0,1
1242,2,0,81,97,1,1
1243,0,0,0,0,1,1.0
1243,1,4,0,1,1,2.0
1244,0,0,0,1,1,1.0
1244,1,4,3,5,1,2.0
1245,0,0,0,1,1,1.0
1245,1,4,35,35,1,2.0
1246,0,0,0,1,1,1
1247,0,0,0,1,1,1.0
1247,1,4,2,4,1,2.0
1248,0,0,0,0,1,1.0
1248,1,4,0,1,1,2.0
1249,0,0,0,1,1,1
1250,0,0,0,1,1,1
1250,1,1,141,141,0,1
1250,2,0,141,160,1,1
1251,0,0,0,1,1,1
1252,0,0,0,1,1,1
1253,0,0,0,1,1,1
1253,1,3,462,436,1,1
1253,2,2,28,442,1,1
1253,3,2,0,451,1,1
1253,4,1,0,452,0,1
1253,5,3,120,460,0,1
1253,6,1,120,463,0,1
1253,7,3,219,470,0,1
1253,8,1,219,472,0,1
1253,9,0,219,479,1,1
1253,10,3,259,481,1,1
1253,11,1,260,482,0,1
1253,12,3,304,490,0,1
1253,13,1,304,491,0,1
1253,14,3,440,499,0,1
1253,15,1,440,500,0,1
1253,16,0,440,506,1,1
1254,0,0,0,1,1,1
1255,0,0,0,1,1,1
1256,0,0,0,1,1,1
1256,1,2,0,9,1,1
1256,2,1,0,9,0,1
1256,3,0,0,15,1,1
1257,0,0,0,1,1,1
1258,0,0,0,1,1,1
1259,0,0,0,1,1,1
1260,0,0,0,1,1,1
1260,1,1,95,96,0,1
1260,2,0,95,104,1,1
1260,3,1,128,137,0,1
1260,4,0,128,158,1,1
1260,5,2,80,164,1,1
1260,6,2,71,175,1,1
1260,7,1,72,176,0,1
1260,8,0,72,196,1,1
1260,9,1,74,198,0,1
1260,10,0,74,207,1,1
1260,11,1,78,211,0,1
1260,12,0,78,216,1,1
1260,13,1,84,222,0,1
1260,14,0,84,248,1,1
1260,15,1,88,252,0,1
1260,16,0,88,257,1,1
1260,17,1,92,261,0,1
1260,18,0,92,274,1,1
1260,19,1,96,278,0,1
1260,20,0,96,296,1,1
1260,21,1,102,302,0,1
1260,22,0,102,312,1,1
1260,23,1,104,314,0,1
1260,24,0,104,329,1,1
1260,25,1,107,332,0,1
1260,26,0,107,339,1,1
1260,27,1,109,341,0,1
1260,28,0,109,354,1,1
1260,29,1,116,361,0,1
1260,30,0,116,364,1,1
1260,31,1,118,366,0,1
1260,32,0,118,373,1,1
1260,33,1,120,375,0,1
1260,34,0,120,380,1,1
1260,35,1,123,383,0,1
1260,36,0,123,395,1,1
1260,37,1,152,424,0,1
1260,38,0,152,438,1,1
1260,39,1,160,446,0,1
1260,40,0,160,456,1,1
1260,41,1,175,471,0,1
1260,42,0,175,478,1,1
1260,43,1,203,506,0,1
1260,44,0,203,512,1,1
1260,45,1,220,529,0,1
1260,46,0,220,535,1,1
1260,47,1,223,538,0,1
1260,48,0,223,548,1,1
1260,49,3,313,606,1,1
1261,0,0,0,0,1,1.0
1261,1,4,0,1,1,2.0
1264,0,0,0,1,1,1.0
1264,1,4,1,3,1,2.0
1265,0,0,0,0,1,1.0
1265,1,4,0,1,1,2.0
1266,0,0,0,0,1,1.0
1266,1,4,0,1,1,2.0
1267,0,0,0,1,1,1
1268,0,0,0,1,1,1
1269,0,0,0,1,1,1
1269,1,3,298,8,1,1
1269,2,2,1,10,1,1
1269,3,3,149,59,1,1
1269,4,3,160,64,1,1
1269,5,3,182,74,1,1
1269,6,3,269,81,1,1
1269,7,3,301,95,1,1
1269,8,3,308,100,1,1
1270,0,0,0,1,1,1
1270,1,1,36,36,0,1
1270,2,0,36,90,1,1
1270,3,1,37,91,0,1
1270,4,0,37,170,1,1
1270,5,1,41,174,0,1
1270,6,0,41,178,1,1
1270,7,1,43,180,0,1
1270,8,3,107,238,0,1
1270,9,1,107,238,0,1
1270,10,0,109,275,1,1
1270,11,1,112,278,0,1
1270,12,0,112,329,1,1
1271,0,0,0,1,1,1
1271,1,1,1,2,0,1
1271,2,0,1,105,1,1
1272,0,0,0,1,1,1
1273,0,0,0,1,1,1
1273,1,1,1,2,0,1
1273,2,0,1,16,1,1
1273,3,1,2,17,0,1
1273,4,0,2,34,1,1
1273,5,1,3,35,0,1
1273,6,0,3,109,1,1
1273,7,1,6,112,0,1
1273,8,0,6,118,1,1
1273,9,1,10,122,0,1
1273,10,0,10,138,1,1
1273,11,1,15,143,0,1
1273,12,0,15,160,1,1
1273,13,1,19,164,0,1
1273,14,0,19,177,1,1
1273,15,1,22,180,0,1
1273,16,0,22,190,1,1
1273,17,1,27,195,0,1
1273,18,0,27,203,1,1
1273,19,1,31,207,0,1
1273,20,0,31,221,1,1
1273,21,1,35,225,0,1
1273,22,0,35,249,1,1
1273,23,1,38,252,0,1
1273,24,0,38,283,1,1
1273,25,1,41,286,0,1
1273,26,0,41,316,1,1
1273,27,1,46,321,0,1
1273,28,0,46,350,1,1
1273,29,1,49,353,0,1
1273,30,0,49,369,1,1
1273,31,1,55,375,0,1
1273,32,0,55,396,1,1
1273,33,1,58,399,0,1
1273,34,0,58,435,1,1
1275,0,0,0,1,1,1
1276,0,0,0,1,1,1.0
1276,1,4,3,5,1,1.5
1278,0,0,0,1,1,1
1278,1,1,10,11,0,1
1278,2,0,10,23,1,1
1278,3,1,13,27,0,1
1278,4,0,13,32,1,1
1278,5,1,16,35,0,1
1278,6,0,16,67,1,1
1278,7,1,19,70,0,1
1278,8,0,19,112,1,1
1278,9,1,40,133,0,1
1278,10,0,40,135,1,1
1281,0,0,0,1,1,1
1281,1,1,4,5,0,1
1281,2,0,4,25,1,1
1281,3,1,6,27,0,1
1281,4,0,6,31,1,1
1281,5,1,7,32,0,1
1281,6,0,7,46,1,1
1281,7,1,12,51,0,1
1281,8,0,12,59,1,1
1281,9,1,54,101,0,1
1281,10,0,54,117,1,1
1281,11,1,65,129,0,1
1281,12,0,65,134,1,1
1281,13,1,70,139,0,1
1281,14,0,70,141,1,1
1281,15,1,75,146,0,1
1281,16,0,75,152,1,1
1281,17,1,80,157,0,1
1281,18,0,80,161,1,1
1281,19,1,86,167,0,1
1281,20,0,86,172,1,1
1281,21,1,94,180,0,1
1281,22,0,94,186,1,1
1281,23,1,98,190,0,1
1281,24,0,98,201,1,1
1281,25,1,109,212,0,1
1281,26,0,109,249,1,1
1281,27,0,119,295,1,1
1281,28,1,124,300,0,1
1281,29,0,124,318,1,1
1281,30,1,132,326,0,1
1281,31,0,132,360,1,1
1281,32,1,141,369,0,1
1281,33,0,141,374,1,1
1281,34,1,144,377,0,1
1281,35,0,144,427,1,1
1281,36,1,149,432,0,1
1281,37,0,149,466,1,1
1281,38,1,164,481,0,1
1281,39,0,164,490,1,1
1281,40,1,168,494,0,1
1281,41,0,168,504,1,1
1281,42,1,174,510,0,1
1281,43,0,174,514,1,1
1281,44,1,182,522,0,1
1281,45,0,182,527,1,1
1281,46,1,188,533,0,1
1281,47,0,188,664,1,1
1281,48,1,209,685,0,1
1281,49,0,209,689,1,1
1281,50,1,215,695,0,1
1281,51,0,215,701,1,1
1282,0,0,0,1,1,1
1282,1,1,19,19,0,1
1282,2,0,19,95,1,1
1282,3,1,20,96,0,1
1282,4,0,20,231,1,1
1282,5,1,22,233,0,1
1282,6,0,22,255,1,1
1282,7,1,24,257,0,1
1282,8,0,24,265,1,1
1282,9,1,27,268,0,1
1282,10,0,27,283,1,1
1282,11,1,30,286,0,1
1282,12,0,30,363,1,1
1282,13,1,34,367,0,1
1282,14,3,37,406,0,1
1282,15,1,37,406,0,1
1282,16,3,43,417,0,1
1282,17,1,43,417,0,1
1282,18,0,43,419,1,1
1282,19,3,47,421,1,1
1282,20,1,47,421,0,1
1282,21,3,50,462,0,1
1282,22,1,50,462,0,1
1282,23,3,60,467,0,1
1282,24,1,60,468,0,1
1282,25,3,63,471,0,1
1282,26,1,63,471,0,1
1282,27,3,67,474,0,1
1282,28,1,67,474,0,1
1282,29,3,82,477,0,1
1282,30,1,82,478,0,1
1282,31,0,82,500,1,1
1283,0,0,0,1,1,1
1285,0,0,0,1,1,1
1286,0,0,0,1,1,1
1287,0,0,0,1,1,1
1288,0,0,0,1,1,1
1288,1,1,25,25,0,1
1288,2,0,25,78,1,1
1289,0,0,0,1,1,1
1289,1,3,209,133,1,1
1289,2,3,278,138,1,1
1289,3,3,298,144,1,1
1290,0,0,0,1,1,1
1291,0,0,0,4,1,1
1292,0,0,0,1,1,1
1294,0,0,0,1,1,1
1294,1,1,144,144,0,1
1294,2,0,144,168,1,1
1295,0,0,0,1,1,1
1295,1,1,51,52,0,1
1295,2,0,51,121,1,1
1295,3,2,131,232,1,1
1295,4,1,131,232,0,1
1295,5,2,56,236,0,1
1295,6,1,56,238,0,1
1295,7,0,56,240,1,1
1295,8,3,107,244,1,1
1295,9,3,124,249,1,1
1295,10,3,144,255,1,1
1295,11,2,116,286,1,1
1295,12,2,105,296,1,1
1295,13,2,197,404,1,1
1295,14,1,226,434,0,1
1295,15,0,226,494,1,1
1295,16,2,219,502,1,1
1295,17,1,226,509,0,1
1295,18,0,226,549,1,1
1295,19,1,437,760,0,1
1295,20,2,411,768,0,1
1295,21,1,411,768,0,1
1295,22,3,437,773,0,1
1296,0,0,227,321,1,1.0
1296,1,4,280,375,1,1.5
1297,0,0,0,1,1,1
1297,1,1,60,60,0,1
1297,2,0,60,138,1,1
1297,3,2,81,166,1,1
1297,4,1,81,166,0,1
1297,5,2,77,174,0,1
1297,6,1,163,263,0,1
1297,7,0,163,325,1,1
1297,8,1,211,373,0,1
1297,9,0,211,441,1,1
1297,10,2,282,515,1,1
1298,0,0,0,1,1,1
1298,1,1,63,63,0,1
1298,2,0,63,290,1,1
1299,0,0,0,1,1,1
1299,1,1,17,18,0,1
1299,2,0,17,34,1,1
1299,3,1,55,72,0,1
1299,4,0,55,92,1,1
1299,5,1,73,110,0,1
1299,6,0,73,163,1,1
1300,0,0,0,1,1,1
1300,1,2,123,133,1,1
1300,2,2,114,139,1,1
1300,3,1,369,393,0,1
1300,4,0,369,414,1,1
1301,0,0,0,1,1,1
1301,1,2,33,44,1,1
1301,2,2,26,49,1,1
1302,0,0,0,1,1,1
1303,0,0,0,1,1,1
1303,1,2,267,294,1,1
1304,0,0,0,1,1,1
1304,1,1,6,7,0,1
1304,2,0,6,243,1,1
1304,3,2,8,254,1,1
1304,4,1,9,258,0,1
1304,5,0,9,281,1,1
1304,6,1,11,283,0,1
1304,7,0,11,331,1,1
1304,8,2,9,334,1,1
1304,9,2,68,403,1,1
1304,10,2,99,460,1,1
1304,11,2,109,499,1,1
1305,0,0,0,1,1,1
1305,1,2,20,28,1,1
1305,2,1,21,29,0,1
1305,3,0,21,49,1,1
1306,0,0,0,1,1,1
1307,0,0,0,1,1,1
1308,0,0,0,1,1,1
1308,1,2,10,28,1,1
1308,2,1,23,41,0,1
1308,3,0,23,61,1,1
1308,4,2,20,63,1,1
1308,5,2,127,221,1,1
1309,0,0,0,1,1,1
1309,1,1,9,9,0,1
1309,2,0,9,50,1,1
1310,0,0,0,1,1,1
1311,0,0,0,1,1,1
1311,1,2,76,108,1,1
1312,0,0,0,1,1,1
1312,1,1,2,3,0,1
1312,2,0,2,117,1,1
1312,3,1,6,121,0,1
1312,4,0,6,132,1,1
1312,5,1,20,146,0,1
1312,6,0,20,448,1,1
1312,7,2,68,505,1,1
1312,8,1,68,508,0,1
1312,9,0,68,514,1,1
1312,10,1,161,606,0,1
1312,11,0,161,617,1,1
1312,12,1,228,683,0,1
1312,13,2,225,686,0,1
1312,14,1,227,690,0,1
1312,15,0,227,696,1,1
1312,16,1,271,740,0,1
1312,17,0,271,797,1,1
1312,18,2,272,809,1,1
1312,19,1,279,818,0,1
1312,20,2,275,821,0,1
1312,21,1,276,823,0,1
1312,22,2,252,833,0,1
1312,23,1,296,877,0,1
1312,24,0,296,907,1,1
1313,0,0,0,1,1,1
1313,1,2,15,31,1,1
1313,2,2,5,67,1,1
1313,3,2,124,202,1,1
1313,4,1,204,282,0,1
1313,5,0,204,285,1,1
1313,6,2,215,312,1,1
1314,0,0,0,1,1,1
1314,1,2,42,58,1,1
1315,0,0,0,1,1,1
1316,0,0,0,1,1,1
1316,1,2,9,54,1,1
1316,2,1,14,62,0,1
1316,3,0,14,87,1,1
1317,0,0,0,1,1,1
1317,1,2,140,154,1,1
1317,2,2,134,159,1,1
1317,3,2,135,176,1,1
1317,4,2,187,267,1,1
1317,5,3,195,274,1,1
1317,6,3,211,280,1,1
1317,7,3,225,289,1,1
1319,0,0,0,1,1,1.0
1319,1,4,55,54,1,2.0
1319,2,1,140,98,0,2.0
1319,3,0,140,253,1,2.0
1319,4,1,145,256,0,2.0
1319,5,0,145,439,1,2.0
1319,6,1,165,450,0,2.0
1319,7,0,165,509,1,2.0
1319,8,3,227,540,1,2.0
1319,9,6,275,565,1,1.0
1319,10,4,282,573,1,1.25
1319,11,4,293,582,1,1.5
1320,0,0,0,1,1,1.0
1320,1,1,7,8,0,1.0
1320,2,0,7,22,1,1.0
1320,3,4,9,25,1,1.25
1321,0,0,0,1,1,1.0
1321,1,4,21,23,1,2.0
1322,0,0,0,1,1,1.0
1322,1,4,3,5,1,2.0
1323,0,0,0,1,1,1.0
1323,1,4,13,15,1,1.5
1324,0,0,0,1,1,1.0
1324,1,4,2,4,1,1.5
1325,0,0,0,1,1,1.0
1325,1,4,1,3,1,2.0
1326,0,0,0,0,1,1.0
1326,1,4,0,1,1,2.0
1327,0,0,0,1,1,1.0
1327,1,4,1,3,1,2.0
1329,0,0,0,1,1,1.0
1329,1,4,1,3,1,2.0
1330,0,0,0,1,1,1.0
1330,1,4,1,3,1,2.0
1331,0,0,0,0,1,1.0
1331,1,4,0,1,1,2.0
1332,0,0,0,1,1,1.0
1332,1,4,1,3,1,2.0
1334,0,0,0,0,1,1.0
1334,1,4,0,1,1,2.0
1335,0,0,0,1,1,1.0
1335,1,4,7,9,1,1.5
1335,2,4,102,72,1,2.0
1336,0,0,0,1,1,1.0
1336,1,4,4,6,1,2.0
1336,2,4,41,25,1,1.5
1337,0,0,0,1,1,1.0
1337,1,4,3,5,1,2.0
1338,0,0,0,1,1,1.0
1338,1,4,1,3,1,2.0
1339,0,0,0,0,1,1.0
1339,1,4,0,1,1,2.0
1340,0,0,0,1,1,1
1341,0,0,0,1,1,1.0
1341,1,4,3,5,1,1.25
1342,0,0,0,1,1,1.0
1342,1,4,1,3,1,1.25
1343,0,0,0,1,1,1.0
1343,1,4,1,3,1,1.25
1344,0,0,0,0,1,1.0
1344,1,4,0,1,1,1.5
1345,0,0,0,1,1,1.0
1345,1,4,1,3,1,1.5
1346,0,0,0,1,1,1.0
1346,1,4,8,10,1,1.5
1346,2,4,23,20,1,1.25
1347,0,0,0,0,1,1.0
1347,1,4,0,1,1,1.5
1348,0,0,0,1,1,1.0
1348,1,4,15,16,1,1.25
1349,0,0,0,1,1,1
1349,1,1,13,15,0,1
1349,2,0,13,18,1,1
1350,0,0,0,1,1,1
1351,0,0,0,1,1,1
1352,0,0,0,1,1,1
1353,0,0,0,1,1,1
1354,0,0,0,1,1,1
1355,0,0,0,1,1,1
1356,0,0,0,1,1,1
1357,0,0,0,1,1,1
1358,0,0,0,1,1,1
1359,0,0,0,1,1,1
1360,0,0,0,0,1,1.0
1360,1,4,0,1,1,1.25
1361,0,0,0,1,1,1.0
1361,1,4,1,3,1,1.25
1362,0,0,0,1,1,1.0
1362,1,4,1,3,1,1.25
1363,0,0,0,1,1,1.0
1363,1,4,1,3,1,1.25
1363,2,4,8,8,1,1.5
1364,0,0,0,1,1,1.0
1364,1,4,1,3,1,1.5
1365,0,0,0,0,1,1.0
1365,1,4,0,1,1,1.5
1367,0,0,0,1,1,1.0
1367,1,1,22,19,0,1.0
1367,2,2,9,23,0,1.0
1367,3,4,10,26,0,2.0
1367,4,4,17,32,0,1.25
1367,5,6,18,16,0,1.0
1367,6,4,19,17,0,2.0
1367,7,1,22,19,0,2.0
1367,8,2,9,23,0,2.0
1367,9,3,52,50,0,2.0
1367,10,0,54,59,1,2.0
1367,11,3,94,79,1,2.0
1367,12,3,275,169,1,2.0
1367,13,1,302,183,0,2.0
1367,14,0,302,188,1,2.0
1367,15,4,394,242,1,1.5
1367,16,2,387,244,1,1.5
1367,17,1,408,256,0,1.5
1367,18,2,388,267,0,1.5
1367,19,1,388,267,0,1.5
1367,20,0,388,269,1,1.5
1367,21,4,410,291,1,2.0
1369,0,0,0,1,1,1.0
1369,1,4,7,9,1,2.0
1370,0,0,307,2,1,1
1371,0,0,0,1,1,1.0
1371,1,4,4,6,1,2.0
1372,0,0,0,1,1,1.0
1372,1,4,2,4,1,2.0
1373,0,0,0,1,1,1.0
1373,1,4,19,20,1,2.0
1374,0,0,0,1,1,1.0
1374,1,4,2,4,1,2.0
1375,0,0,0,0,1,1.0
1375,1,4,0,1,1,2.0
1376,0,0,0,0,1,1.0
1376,1,4,0,1,1,2.0
1377,0,0,0,0,1,1.0
1377,1,4,0,1,1,2.0
1378,0,0,0,0,1,1.0
1378,1,4,0,1,1,2.0
1379,0,0,0,1,1,1.0
1379,1,4,1,3,1,2.0
1380,0,0,0,10,1,1.0
1380,1,4,4,15,1,2.0
1380,2,6,20,31,1,1.0
1380,3,4,23,34,1,2.0
1380,4,5,52,63,1,0.5
1380,5,4,55,66,1,2.0
1381,0,0,0,1,1,1.0
1381,1,4,2,4,1,2.0
1381,2,6,7,9,1,1.0
1382,0,0,0,1,1,1.0
1382,1,4,1,3,1,2.0
1384,0,0,0,1,1,1.0
1384,1,4,1,3,1,2.0
1385,0,0,0,1,1,1.0
1385,1,4,16,17,1,2.0
1386,0,0,0,1,1,1.0
1386,1,4,1,3,1,2.0
1388,0,0,0,1,1,1
1388,1,3,223,4,1,1
1389,0,0,0,1,1,1.0
1389,1,4,12,14,1,2.0
1390,0,0,0,0,1,1.0
1390,1,4,0,1,1,2.0
1391,0,0,0,0,1,1.0
1391,1,4,0,1,1,2.0
1392,0,0,0,0,1,1.0
1392,1,4,0,1,1,2.0
1393,0,0,0,0,1,1.0
1393,1,4,0,1,1,2.0
1394,0,0,0,1,1,1.0
1394,1,4,1,3,1,2.0
1395,0,0,0,1,1,1.0
1395,1,1,13,14,0,1.0
1395,2,0,13,29,1,1.0
1395,3,4,22,39,1,2.0
1396,0,0,0,1,1,1
1396,1,1,1,2,0,1
1396,2,0,1,194,1,1
1396,3,1,23,216,0,1
1396,4,0,23,251,1,1
1396,5,3,380,268,1,1
1396,6,3,433,282,1,1
1396,7,2,432,287,1,1
1397,0,0,0,1,1,1.0
1397,1,4,14,15,1,2.0
1399,0,0,0,1,1,1.0
1399,1,4,2,4,1,1.25
1399,2,6,5,6,1,1.0
1399,3,4,6,7,1,2.0
1400,0,0,0,1,1,1
1401,0,0,0,1,1,1
1402,0,0,0,1,1,1
1403,0,0,0,1,1,1
1404,0,0,0,1,1,1
1405,0,0,0,1,1,1
1406,0,0,0,1,1,1
1407,0,0,0,1,1,1
1407,1,1,15,16,0,1
1407,2,0,15,28,1,1
1408,0,0,0,1,1,1
1408,1,1,13,14,0,1
1408,2,0,13,21,1,1
1409,0,0,0,1,1,1
1409,1,1,6,7,0,1
1409,2,0,6,115,1,1
1410,0,0,0,1,1,1
1410,1,1,15,15,0,1
1410,2,0,15,25,1,1
1411,0,0,0,1,1,1
1412,0,0,0,1,1,1
1412,1,3,147,33,1,1
1413,0,0,0,213,1,1
1415,0,0,0,1,1,1
1416,0,0,0,1,1,1
1417,0,0,0,1,1,1
1417,1,2,238,267,1,1
1417,2,2,229,272,1,1
1417,3,1,230,277,0,1
1417,4,3,258,284,0,1
1417,5,3,266,290,0,1
1417,6,1,267,291,0,1
1417,7,0,267,416,1,1
1417,8,1,275,425,0,1
1417,9,0,275,433,1,1
1418,0,0,0,1,1,1
1418,1,3,302,3,1,1
1419,0,0,0,1,1,1.0
1419,1,4,3,5,1,2.0
1420,0,0,0,1,1,1.0
1420,1,4,3,5,1,2.0
1421,0,0,0,1,1,1.0
1421,1,4,6,8,1,2.0
1424,0,0,0,1,1,1.0
1424,1,4,11,13,1,1.5
1424,2,4,231,159,1,1.25
1425,0,0,0,1,1,1.0
1425,1,4,139,139,1,1.5
1426,0,0,0,0,1,1.0
1426,1,4,0,1,1,1.5
1427,0,0,0,1,1,1.0
1427,1,4,2,4,1,1.5
1428,0,0,0,1,1,1
1429,0,0,0,1,1,1.0
1429,1,4,1,3,1,1.5
1429,2,4,145,98,1,2.0
1430,0,0,0,0,1,1.0
1430,1,4,0,1,1,2.0
1431,0,0,0,0,1,1.0
1431,1,4,0,1,1,2.0
1432,0,0,0,0,1,1.0
1432,1,4,0,1,1,2.0
1433,0,0,0,1,1,1
1434,0,0,0,1,1,1
1435,0,0,0,1,1,1.0
1435,1,4,119,119,1,1.5
1436,0,0,0,1,1,1.0
1436,1,4,13,14,1,1.5
1437,0,0,0,1,1,1.0
1437,1,0,6,8,1,1.0
1437,2,4,166,167,1,2.0
1438,0,0,0,1,1,1
1439,0,0,0,0,1,1.0
1439,1,4,0,1,1,1.5
1440,0,0,0,1,1,1
1441,0,0,0,1,1,1
1442,0,0,0,1,1,1
1443,0,0,0,1,1,1.0
1443,1,4,9,11,1,2.0
1444,0,0,0,1,1,1.0
1444,1,1,12,12,0,1.0
1444,2,0,12,14,1,1.0
1444,3,1,74,75,0,1.0
1444,4,0,74,100,1,1.0
1444,5,4,146,172,1,1.5
1445,0,0,0,1,1,1.0
1445,1,4,2,4,1,1.5
1446,0,0,0,1,1,1.0
1446,1,4,23,24,1,1.5
1447,0,0,0,0,1,1.0
1447,1,4,0,1,1,1.5
1448,0,0,0,1,1,1
1449,0,0,0,1,1,1
1449,1,0,54,87,1,1
1449,2,2,134,137,1,1
1449,3,2,97,143,1,1
1449,4,1,98,148,0,1
1450,0,0,0,1,1,1
1450,1,2,0,5,1,1
1450,2,1,23,17,0,1
1450,3,0,23,29,1,1
1450,4,2,9,43,1,1
1450,5,3,33,46,1,1
1450,6,2,24,49,1,1
1450,7,0,28,71,1,1
1450,8,1,34,75,0,1
1450,9,0,34,84,1,1
1450,10,2,38,92,1,1
1450,11,1,42,95,0,1
1450,12,0,42,120,1,1
1450,13,2,1,153,1,1
1450,14,1,1,153,0,1
1450,15,0,1,156,1,1
1451,0,0,0,1,1,1
1451,1,1,5,5,0,1
1451,2,0,5,14,1,1
1451,3,1,10,17,0,1
1451,4,0,10,27,1,1
1451,5,2,0,41,1,1
1451,6,3,19,42,1,1
1451,7,3,31,51,1,1
1451,8,2,28,52,1,1
1451,9,3,37,56,1,1
1451,10,2,22,65,1,1
1451,11,2,14,72,1,1
1451,12,1,14,74,0,1
1451,13,0,14,94,1,1
1451,14,3,83,127,1,1
1451,15,2,68,129,1,1
1451,16,1,68,130,0,1
1451,17,0,68,145,1,1
1452,0,0,0,1,1,1
1452,1,3,57,4,1,1
1452,2,1,68,13,0,1
1452,3,0,68,31,1,1
1452,4,1,87,42,0,1
1452,5,0,87,52,1,1
1452,6,1,106,62,0,1
1452,7,0,106,65,1,1
1452,8,1,112,69,0,1
1452,9,0,112,72,1,1
1452,10,1,133,83,0,1
1452,11,0,133,122,1,1
1452,12,1,170,143,0,1
1452,13,2,0,153,0,1
1452,14,3,302,157,0,1
1453,0,0,0,1,1,1
1453,1,1,4,4,0,1
1453,2,0,4,17,1,1
1453,3,1,76,54,0,1
1453,4,0,76,74,1,1
1453,5,2,76,79,1,1
1454,0,0,0,1,1,1
1454,1,1,10,10,0,1
1454,2,0,10,12,1,1
1454,3,0,30,83,1,1
1454,4,0,48,129,1,1
1455,0,0,0,1,1,1
1455,1,0,7,17,1,1
1455,2,0,55,43,1,1
1456,0,0,0,1,1,1
1456,1,1,9,9,0,1
1456,2,0,9,19,1,1
1456,3,1,38,35,0,1
1456,4,0,38,37,1,1
1457,0,0,0,1,1,1
1457,1,1,35,20,0,1
1457,2,0,35,31,1,1
1457,3,2,95,96,1,1
1457,4,1,138,119,0,1
1458,0,0,0,1,1,1
1459,0,0,0,2,1,1
1459,1,1,3,4,0,1
1459,2,0,3,11,1,1
1459,3,3,10,15,1,1
1459,4,3,22,21,1,1
1459,5,3,34,27,1,1
1459,6,3,46,33,1,1
1459,7,3,58,39,1,1
1459,8,3,70,45,1,1
1459,9,3,84,52,1,1
1459,10,3,96,58,1,1
1459,11,3,112,66,1,1
1459,12,1,122,72,0,1
1459,13,0,122,81,1,1
1460,0,0,0,1,1,1
1461,0,0,0,1,1,1
1461,1,3,13,9,1,1
1461,2,3,29,17,1,1
1461,3,3,43,24,1,1
1461,4,3,57,31,1,1
1461,5,3,69,37,1,1
1461,6,3,87,46,1,1
1461,7,3,101,53,1,1
1461,8,3,117,61,1,1
1461,9,3,129,67,1,1
1461,10,3,141,73,1,1
1462,0,0,0,1,1,1
1462,1,3,151,4,1,1
1463,0,0,0,1,1,1
1463,1,3,107,3,1,1
1463,2,3,142,9,1,1
1464,0,0,0,1,1,1
1465,0,0,0,1,1,1
1466,0,0,0,1,1,1
1466,1,3,215,4,1,1
1467,0,0,0,1,1,1
1467,1,3,216,3,1,1
1468,0,0,0,1,1,1
1469,0,0,0,1,1,1
1470,0,0,0,1,1,1
1470,1,1,24,25,0,1
1470,2,2,0,31,0,1
1470,3,1,0,31,0,1
1470,4,0,0,34,1,1
1471,0,0,0,1,1,1
1471,1,3,113,3,1,1
1472,0,0,0,1,1,1
1473,0,0,0,1,1,1
1474,0,0,0,1,1,1
1475,0,0,0,1,1,1
1476,0,0,0,1,1,1
1476,1,0,8,18,1,1
1476,2,1,13,21,0,1
1476,3,0,13,51,1,1
1476,4,0,66,87,1,1
1477,0,0,0,1,1,1
1477,1,1,9,10,0,1
1477,2,2,0,28,0,1
1477,3,1,0,28,0,1
1477,4,0,0,30,1,1
1477,5,0,3,52,1,1
1477,6,2,1,57,1,1
1477,7,1,1,58,0,1
1477,8,0,1,69,1,1
1477,9,1,9,74,0,1
1477,10,0,9,76,1,1
1477,11,1,119,132,0,1
1477,12,0,119,148,1,1
1477,13,0,132,171,1,1
1478,0,0,0,1,1,1
1478,1,2,11,11,1,1
1478,2,1,11,11,0,1
1478,3,0,11,23,1,1
1478,4,0,41,41,1,1
1478,5,2,46,49,1,1
1478,6,1,46,49,0,1
1478,7,0,46,58,1,1
1478,8,1,108,90,0,1
1478,9,0,108,103,1,1
1478,10,2,123,130,1,1
1478,11,1,146,145,0,1
1479,0,0,0,1,1,1
1479,1,1,4,5,0,1
1479,2,0,4,54,1,1
1479,3,2,0,61,1,1
1479,4,1,0,61,0,1
1479,5,0,0,66,1,1
1479,6,0,30,100,1,1
1479,7,1,97,134,0,1
1479,8,0,97,164,1,1
1480,0,0,0,1,1,1
1480,1,2,4,8,1,1
1480,2,2,0,14,1,1
1480,3,1,0,14,0,1
1480,4,0,0,27,1,1
1480,5,2,80,72,1,1
1480,6,1,80,72,0,1
1480,7,0,80,91,1,1
1480,8,2,83,98,1,1
1480,9,2,74,103,1,1
1480,10,3,86,105,1,1
1480,11,1,86,107,0,1
1480,12,0,86,110,1,1
1480,13,3,95,114,1,1
1481,0,0,0,1,1,1.0
1481,1,4,18,19,1,2.0
1482,0,0,0,1,1,1.0
1482,1,4,2,4,1,2.0
1483,0,0,0,0,1,1.0
1483,1,4,0,1,1,2.0
1484,0,0,0,1,1,1
1485,0,0,0,1,1,1.0
1485,1,1,1,2,0,1.0
1485,2,0,1,173,1,1.0
1485,3,4,7,180,1,2.0
1486,0,0,0,1,1,1.0
1486,1,4,4,6,1,2.0
1487,0,0,0,1,1,1
1488,0,0,0,1,1,1.0
1488,1,4,142,143,1,2.0
1489,0,0,0,1,1,1.0
1489,1,4,2,4,1,2.0
1490,0,0,0,1,1,1.0
1490,1,4,2,4,1,2.0
1491,0,0,0,1,1,1.0
1491,1,4,3,5,1,2.0
1492,0,0,0,1,1,1.0
1492,1,4,1,3,1,2.0
1493,0,0,0,1,1,1.0
1493,1,4,61,62,1,2.0
1494,0,0,0,0,1,1.0
1494,1,4,0,1,1,2.0
1495,0,0,0,0,1,1.0
1495,1,4,0,1,1,2.0
1496,0,0,0,1,1,1.0
1496,1,4,1,3,1,2.0
1497,0,0,0,1,1,1
1498,0,0,0,1,1,1
1499,0,0,0,1,1,1.0
1499,1,4,21,23,1,1.5
1499,2,4,220,154,1,2.0
1499,3,4,278,183,1,1.5
1500,0,0,0,1,1,1.0
1500,1,4,2,4,1,1.5
1500,2,4,185,125,1,2.0
1501,0,0,0,1,1,1
1501,1,3,309,280,1,1
1502,0,0,0,1,1,1
1502,1,3,162,49,1,1
1502,2,1,162,50,0,1
1502,3,0,162,54,1,1
1503,0,0,0,1,1,1
1503,1,1,56,56,0,1
1503,2,0,56,60,1,1
1504,0,0,0,1,1,1
1505,0,0,0,1,1,1
1506,0,0,0,1,1,1
1507,0,0,0,1,1,1
1508,0,0,0,1,1,1
1509,0,0,0,1,1,1
1510,0,0,0,1,1,1
1511,0,0,0,1,1,1
1512,0,0,0,1,1,1
1513,0,0,0,1,1,1
1514,0,0,0,1,1,1
1516,0,0,0,1,1,1
1517,0,0,0,1,1,1
1518,0,0,0,1,1,1
1520,0,0,197,7,1,1
1521,0,0,274,12,1,1
1522,0,0,196,7,1,1
