uid,vid,visit_num,online,interval,hour,is_week
2020213220,2,1.0,2545.0,40611,11,1
2020213220,3,1.0,1948.5,65150,17,1
2020213220,4,1.4285714285714286,2257.714285714286,47447,11,1
2020213220,5,1.25,2003.75,47600,11,1
2020213220,7,1.3333333333333333,2070.6666666666665,351458,21,0
2020213220,8,1.2,2113.6,353571,22,0
2020213220,9,1.4166666666666667,2344.0833333333335,535560,22,0
2020213220,10,1.3076923076923077,2343.846153846154,537619,22,0
2020213220,11,1.2142857142857142,2231.214285714286,537883,23,0
2020213220,13,1.5333333333333334,2430.5333333333333,604800,18,1
2020213220,14,1.5,2325.25,604800,12,1
2020213220,15,1.5294117647058822,2480.9411764705883,604800,19,0
2020213220,16,1.5,2373.8888888888887,604800,16,1
2020213220,17,1.4210526315789473,2276.4210526315787,27270,16,1
2020213220,19,1.5,2350.7,89611,21,0
2020213220,20,1.4285714285714286,2249.8571428571427,89638,21,0
2020213220,21,1.2727272727272727,2111.3636363636365,108587,21,0
2020213220,22,2.0,2751.0,157016,13,1
2020213220,23,1.5,2186.0,156650,13,1
2020213220,24,1.2,1820.0,157652,14,1
2020213220,25,1.0,1756.8333333333333,158933,14,1
2020213700,1,2.0,1042.0,233595,16,0
2020213700,2,1.0,802.5,233618,17,0
2020213700,3,0.6666666666666666,609.0,238146,17,0
2020213700,4,0.75,1191.875,3258,22,1
2020213700,5,0.6666666666666666,1130.888888888889,3789,23,1
2020213700,7,0.8,1153.9,52791,10,1
2020213700,8,0.7272727272727273,1096.2727272727273,52625,10,1
2020213700,9,0.7692307692307693,1074.0,604800,16,0
2020213700,10,0.7142857142857143,1010.7142857142857,604800,16,0
2020213700,11,0.6666666666666666,975.0666666666667,604800,16,0
2020213700,13,0.625,926.5625,604800,16,0
2020213700,14,0.5882352941176471,885.4117647058823,604800,17,0
2020213700,15,0.5555555555555556,847.8333333333334,604800,17,0
2020213700,16,0.5263157894736842,812.6315789473684,604800,17,0
2020213700,17,0.5,781.6,604800,17,0
2020213700,18,0.47619047619047616,753.4761904761905,604800,17,0
2020213700,19,0.45454545454545453,728.8636363636364,333380,17,0
2020213700,20,0.43478260869565216,709.3478260869565,333396,17,0
2020213700,21,0.75,1037.9166666666667,264666,16,0
2020213700,22,1.25,1670.0,436982,19,0
2020213700,23,1.0,1370.4,436144,19,0
2020213700,24,0.8333333333333334,1180.3333333333333,436967,19,0
2020213700,25,0.7142857142857143,1040.5714285714287,436975,19,0
2021211158,1,1.0,542.0,304738,12,0
2021211158,2,0.5,545.0,304669,12,0
2021211158,3,0.3333333333333333,686.6666666666666,309942,13,0
2021214131,4,1.4,1207.6,43980,10,1
2021214131,5,1.1666666666666667,1104.3333333333333,44622,10,1
2021214131,7,1.1428571428571428,1010.2857142857143,48289,9,1
2021214131,8,1.0,983.5,48670,9,1
2021214131,9,1.3,1168.6,156242,12,1
2021214131,10,1.1818181818181819,1104.8181818181818,156510,13,1
2021214131,11,1.0833333333333333,1044.9166666666667,156578,13,1
2021214131,13,1.1538461538461537,1059.3846153846155,604800,23,0
2021214131,14,1.0714285714285714,1014.4285714285714,604800,23,0
2021214131,15,1.0,969.8,604800,23,0
2021214131,16,0.9375,933.0,604800,23,0
2021214131,17,0.9411764705882353,910.2941176470588,197090,15,0
2021214131,18,0.8888888888888888,1004.3888888888889,199115,16,0
2021214131,19,0.8947368421052632,1140.8947368421052,67492,15,0
2021214131,20,0.85,1123.35,68076,15,0
2021214131,21,1.2222222222222223,1163.2222222222222,28094,22,0
2021214131,22,4.0,1691.0,11982,21,0
2021214131,23,2.0,1310.0,11962,21,0
2021214131,24,1.3333333333333333,987.0,13282,22,0
2021214131,25,1.0,835.0,13571,22,0
2021214132,4,1.0,1562.4,5936,23,1
2021214132,5,0.8333333333333334,1331.1666666666667,5969,23,1
2021214132,7,1.0,1347.2857142857142,62381,13,1
2021214132,8,0.875,1221.25,62096,13,1
2021214132,9,1.2,1275.0,189056,21,1
2021214132,10,1.0909090909090908,1189.5454545454545,189088,22,1
2021214132,11,1.0,1121.6666666666667,188870,22,1
2021214132,13,1.8461538461538463,1220.3076923076924,604800,22,1
2021214132,14,1.7142857142857142,1150.0714285714287,604800,22,1
2021214132,15,1.6,1097.1333333333334,604800,22,1
2021214132,16,1.5,1037.5625,604800,22,1
2021214132,17,1.5294117647058822,1043.1764705882354,51533,23,1
2021214132,18,1.4444444444444444,1007.5,51382,23,1
2021214132,19,1.6842105263157894,1171.2631578947369,337064,18,0
2021214132,20,1.6,1127.3,337114,18,0
2021214132,21,1.2222222222222223,1246.3333333333333,330,15,0
2021214132,22,3.0,3558.0,70002,13,1
2021214132,23,1.5,1919.0,69349,13,1
2021214132,24,1.0,1367.6666666666667,70335,13,1
2021214132,25,0.75,1080.75,70346,13,1
2021214133,2,3.0,2042.0,604800,17,1
2021214133,3,1.5,1309.0,604800,17,1
2021214133,9,1.2857142857142858,1470.0,604800,16,0
2021214133,10,1.125,1331.125,604800,17,0
2021214133,11,1.0,1235.7777777777778,604800,17,0
2021214133,13,0.9,1150.7,604800,17,0
2021214133,14,0.8181818181818182,1098.1818181818182,604800,17,0
2021214133,15,0.6923076923076923,992.9230769230769,604800,17,0
2021214133,16,0.75,1054.3333333333333,604800,17,0
2021214133,21,1.5,1701.6666666666667,604800,16,0
2021214133,22,1.0,1298.6666666666667,171183,17,1
2021214133,23,0.75,1130.25,170815,17,1
2021214133,24,0.6,1200.0,172851,18,1
2021214134,4,0.6,840.8,0,21,1
2021214134,5,0.5,720.3333333333334,0,22,1
2021214134,7,1.0,679.7142857142857,4667,21,1
2021214134,8,1.0,676.125,13725,23,1
2021214134,9,1.2,611.5,0,17,0
2021214134,10,1.0909090909090908,580.0,0,17,0
2021214134,11,1.0,558.5833333333334,0,17,0
2021214134,13,1.0769230769230769,691.9230769230769,604800,17,0
2021214134,14,1.0,659.8571428571429,604800,18,0
2021214134,15,1.0,666.4,604800,21,0
2021214134,16,0.9375,634.25,604800,22,0
2021214134,17,0.9411764705882353,625.0,482864,23,0
2021214134,18,0.8888888888888888,605.1666666666666,482536,23,0
2021214134,21,1.2222222222222223,644.3333333333334,0,15,0
2021214134,22,1.0,2776.0,8781,20,0
2021214134,23,0.5,1495.0,8003,20,0
2021214134,24,0.3333333333333333,1062.0,8828,20,0
2021214134,25,0.25,869.5,8969,20,0
2021214135,4,1.2,1126.4,169432,21,0
2021214135,5,1.0,962.5,169448,21,0
2021214135,7,1.1428571428571428,918.7142857142857,344299,19,0
2021214135,8,1.0,851.5,344087,19,0
2021214135,9,1.1,1036.5,11428,20,0
2021214135,10,1.0,996.9090909090909,11783,20,0
2021214135,11,0.9166666666666666,1034.4166666666667,12772,21,0
2021214135,13,1.3846153846153846,1360.8461538461538,604800,20,0
2021214135,14,1.2857142857142858,1277.0,604800,21,0
2021214135,15,1.2,1201.6666666666667,604800,21,0
2021214135,16,1.125,1134.0625,604800,21,0
2021214135,17,1.2941176470588236,1111.6470588235295,261424,9,0
2021214135,18,1.2222222222222223,1061.8333333333333,261061,9,0
2021214135,19,1.2105263157894737,1018.578947368421,94468,23,0
2021214135,20,1.15,981.35,94499,23,0
2021214135,21,1.1111111111111112,1092.3333333333333,1531,15,0
2021214135,22,2.0,2678.0,436474,19,0
2021214135,23,1.0,1656.0,436400,19,0
2021214135,24,0.6666666666666666,1178.6666666666667,437203,19,0
2021214135,25,0.5,957.0,437288,19,0
2021214136,4,1.6,771.2,38960,8,1
2021214136,5,1.3333333333333333,666.0,38949,8,1
2021214136,7,1.5714285714285714,758.2857142857143,261973,20,0
2021214136,8,1.375,730.625,261849,20,0
2021214136,9,1.4,788.7,94215,19,0
2021214136,10,1.2727272727272727,748.3636363636364,94252,19,0
2021214136,11,1.1666666666666667,709.9166666666666,93895,19,0
2021214136,13,1.4615384615384615,811.3076923076923,604800,8,0
2021214136,14,1.3571428571428572,773.0714285714286,604800,8,0
2021214136,15,1.4,819.2666666666667,604800,16,1
2021214136,16,1.3125,782.4375,604800,16,1
2021214136,17,1.2352941176470589,745.0,26385,16,1
2021214136,18,1.1666666666666667,714.0,25986,16,1
2021214136,19,1.3157894736842106,725.9473684210526,259056,20,0
2021214136,20,1.25,698.5,259003,20,0
2021214136,21,1.4444444444444444,695.1111111111111,108286,21,0
2021214136,22,3.0,868.0,8690,20,0
2021214136,23,1.5,545.0,7951,20,0
2021214136,24,1.0,428.6666666666667,8704,20,0
2021214136,25,0.75,422.75,8863,20,0
2021214138,3,1.0,856.0,0,23,1
2021214138,4,1.1666666666666667,1101.6666666666667,239569,16,0
2021214138,5,1.0,975.5714285714286,239594,16,0
2021214138,7,1.125,1013.75,92797,21,1
2021214138,8,1.0,1100.0,93944,22,1
2021214138,9,1.0909090909090908,1127.1818181818182,63524,11,0
2021214138,10,1.0,1095.25,63982,11,0
2021214138,11,0.9230769230769231,1049.7692307692307,63924,11,0
2021214138,13,1.0714285714285714,1130.5,604800,18,0
2021214138,21,1.2,1213.9,330940,11,0
2021214138,22,2.0,1075.5,481186,7,0
2021214138,23,1.25,733.0,492383,11,0
2021214138,24,1.6666666666666667,861.0,492522,11,0
2021214138,25,1.0,1055.4,494993,11,0
2021214139,1,1.0,979.0,71158,19,1
2021214139,2,0.5,826.0,71277,20,1
2021214139,3,0.3333333333333333,1027.6666666666667,77191,20,1
2021214139,4,0.375,751.5,175075,22,0
2021214139,5,0.3333333333333333,698.4444444444445,175206,22,0
2021214139,7,0.5,684.2,353580,21,0
2021214139,8,0.45454545454545453,664.8181818181819,353535,22,0
2021214139,9,0.5384615384615384,692.1538461538462,442077,20,0
2021214139,10,0.5,655.5,441976,20,0
2021214139,11,0.4666666666666667,611.8,441859,20,0
2021214139,13,0.6875,1067.625,604800,22,1
2021214139,14,0.6470588235294118,1022.7058823529412,604800,22,1
2021214139,17,0.7222222222222222,1012.6666666666666,193977,15,0
2021214139,18,0.6842105263157895,968.6842105263158,193595,15,0
2021214139,19,0.75,936.75,255748,19,0
2021214139,20,0.7142857142857143,916.9047619047619,256039,19,0
2021214139,21,0.5,680.0,103585,19,0
2021214139,22,0.5,1136.5,82124,16,1
2021214139,23,0.4,937.8,81266,17,1
2021214139,24,0.3333333333333333,814.6666666666666,82026,17,1
2021214139,25,0.2857142857142857,698.2857142857143,82026,17,1
2021214140,1,1.0,690.0,72876,20,1
2021214140,2,1.0,753.5,241014,19,0
2021214140,3,0.6666666666666666,651.0,245803,19,0
2021214140,4,0.625,703.875,391520,10,0
2021214140,5,0.5555555555555556,635.6666666666666,391473,10,0
2021214140,7,0.6,625.3,78347,17,1
2021214140,8,0.5454545454545454,597.6363636363636,78051,17,1
2021214140,9,0.6153846153846154,560.4615384615385,439287,19,0
2021214140,10,0.5714285714285714,529.2857142857143,439116,19,0
2021214140,11,0.5333333333333333,583.7333333333333,439841,19,0
2021214140,21,0.5833333333333334,574.4166666666666,264865,16,0
2021214140,22,0.75,770.25,433743,18,0
2021214140,23,0.6,651.2,432954,18,0
2021214140,24,0.5,575.1666666666666,433703,18,0
2021214140,25,0.42857142857142855,515.4285714285714,433618,18,0
2021214141,2,1.0,1177.0,71998,20,1
2021214141,3,0.5,596.0,76359,20,1
2021214141,5,0.5714285714285714,763.0,259678,22,0
2021214141,7,0.75,794.5,97032,22,1
2021214141,8,0.6666666666666666,753.0,96842,22,1
2021214141,9,0.8181818181818182,1033.1818181818182,587318,12,0
2021214141,10,0.75,962.5,587230,12,0
2021214141,11,0.6923076923076923,910.9230769230769,586899,12,0
2021214141,13,0.7857142857142857,926.0,604800,22,1
2021214141,14,0.7333333333333333,879.3333333333334,604800,22,1
2021214141,15,0.6875,834.125,604800,22,1
2021214141,16,0.6470588235294118,793.2352941176471,604800,22,1
2021214141,17,0.6111111111111112,759.8333333333334,134582,22,1
2021214141,18,0.5789473684210527,729.0,134180,22,1
2021214141,21,0.7,1044.1,111717,22,0
2021214141,22,0.6666666666666666,1078.0,184211,21,1
2021214141,23,0.5,901.75,183634,21,1
2021214141,24,0.4,786.4,184562,21,1
2021214141,25,0.3333333333333333,692.1666666666666,184613,21,1
2021214142,1,1.0,374.0,305341,12,0
2021214142,2,0.5,302.0,304996,13,0
2021214142,3,0.3333333333333333,256.0,309483,13,0
2021214142,4,0.5,294.75,312012,12,0
2021214142,5,0.4444444444444444,281.44444444444446,312148,12,0
2021214142,7,0.4166666666666667,295.75,604800,13,0
2021214142,8,0.45454545454545453,310.09090909090907,604800,13,0
2021214142,9,0.46153846153846156,288.0,604800,0,0
2021214142,10,0.42857142857142855,280.5,604800,0,0
2021214142,11,0.4,295.46666666666664,604800,0,0
2021214142,13,0.4375,391.5,604800,14,0
2021214142,14,0.4117647058823529,381.8235294117647,604800,14,0
2021214142,15,0.4444444444444444,374.72222222222223,604800,12,0
2021214142,16,0.42105263157894735,362.57894736842104,604800,12,0
2021214142,17,0.55,492.4,124590,19,1
2021214142,18,0.5238095238095238,477.42857142857144,124186,19,1
2021214142,21,0.5,293.5,166584,13,0
2021214142,22,0.75,314.25,0,18,0
2021214142,23,0.42857142857142855,290.85714285714283,0,18,0
2021214142,24,0.6,347.0,0,18,0
2021214142,25,0.5,314.5,0,18,0
2021214143,1,1.0,515.0,123052,10,0
2021214143,2,0.5,500.0,122920,10,0
2021214143,3,0.3333333333333333,540.6666666666666,127899,10,0
2021214143,4,0.375,578.5,85770,21,1
2021214143,5,0.3333333333333333,627.5555555555555,86863,22,1
2021214143,7,0.5,1007.3,410656,13,0
2021214143,8,0.45454545454545453,958.8181818181819,410521,13,0
2021214143,9,0.6153846153846154,1027.6153846153845,592757,14,0
2021214143,10,0.5714285714285714,967.4285714285714,592881,14,0
2021214143,11,0.5333333333333333,902.9333333333333,592898,14,0
2021214143,21,0.5,918.75,164279,12,0
2021214143,22,0.5,705.75,497478,12,0
2021214143,23,0.4,651.4,496961,12,0
2021214143,24,0.3333333333333333,625.1666666666666,498140,12,0
2021214143,25,0.2857142857142857,577.0,498244,12,0
2021214144,9,6.0,8136.0,254990,16,1
2021214144,10,3.0,4181.5,254964,16,1
2021214144,11,2.0,3064.0,255179,16,1
2021214144,13,2.25,4625.5,604800,17,1
2021214144,14,1.8,3749.0,604800,17,1
2021214144,17,1.8333333333333333,3324.6666666666665,604800,15,1
2021214144,18,1.5714285714285714,2885.1428571428573,604800,15,1
2021214145,1,1.0,249.0,29820,8,1
2021214145,2,0.5,242.0,29422,8,1
2021214145,3,0.3333333333333333,216.33333333333334,34264,8,1
2021214145,4,0.5,275.25,588839,17,1
2021214145,5,0.4444444444444444,244.66666666666666,588735,17,1
2021214145,7,0.5,361.1,132446,8,0
2021214145,8,0.45454545454545453,336.0,132019,8,0
2021214145,9,0.7692307692307693,694.9230769230769,604800,19,0
2021214145,10,0.7857142857142857,852.2142857142857,604800,19,0
2021214145,11,0.7333333333333333,827.1333333333333,604800,19,0
2021214145,13,0.75,959.5625,604800,17,0
2021214145,14,0.7058823529411765,916.8823529411765,604800,17,0
2021214145,15,0.6666666666666666,886.6666666666666,604800,17,0
2021214145,16,0.631578947368421,847.3157894736842,604800,17,0
2021214145,17,0.65,817.65,180773,11,0
2021214145,21,0.75,489.3333333333333,264776,16,0
2021214145,22,0.75,501.5,444421,21,0
2021214145,23,0.6,402.4,443395,21,0
2021214145,24,0.5,335.3333333333333,443983,21,0
2021214145,25,0.42857142857142855,288.57142857142856,443782,21,0
2021214146,7,2.0,637.0,408471,13,0
2021214147,1,2.0,1208.0,604800,20,0
2021214147,2,1.0,720.5,604800,20,0
2021214147,3,0.6666666666666666,537.3333333333334,604800,20,0
2021214149,1,1.0,1075.0,78303,21,1
2021214149,2,0.5,945.5,78490,22,1
2021214149,3,0.3333333333333333,986.3333333333334,83844,22,1
2021214149,4,0.625,555.875,129608,9,0
2021214149,5,0.5555555555555556,495.1111111111111,129433,10,0
2021214149,7,0.8,653.6,604800,0,0
2021214149,8,0.7272727272727273,596.8181818181819,604800,0,0
2021214149,9,0.6153846153846154,508.3076923076923,604800,0,0
2021214149,10,0.5714285714285714,472.85714285714283,604800,0,0
2021214149,11,0.5333333333333333,443.93333333333334,604800,0,0
2021214149,13,0.625,507.5,604800,14,0
2021214149,14,0.5882352941176471,477.6470588235294,604800,14,0
2021214149,15,0.5555555555555556,452.1111111111111,604800,14,0
2021214149,16,0.5263157894736842,429.42105263157896,604800,14,0
2021214149,17,0.5,409.15,604800,14,0
2021214149,18,0.47619047619047616,389.6666666666667,604800,14,0
2021214149,19,0.45454545454545453,372.6363636363636,321798,14,0
2021214149,20,0.43478260869565216,357.30434782608694,321592,14,0
2021214149,21,0.6666666666666666,549.3333333333334,604800,0,0
2021214149,22,0.75,956.25,247229,14,0
2021214149,23,0.6,767.6,246218,14,0
2021214149,24,0.5,640.8333333333334,246770,14,0
2021214149,25,0.42857142857142855,552.4285714285714,246540,14,0
2021214150,1,2.0,1467.0,54437,15,1
2021214150,2,1.0,1590.5,55623,15,1
2021214150,3,0.6666666666666666,2119.3333333333335,63160,16,1
2021214150,4,0.625,1655.625,84855,21,1
2021214150,5,0.5555555555555556,1521.6666666666667,85111,21,1
2021214150,7,0.6363636363636364,1602.3636363636363,63442,13,1
2021214150,8,0.7,1737.2,62452,13,1
2021214150,9,0.9230769230769231,1844.3846153846155,234813,10,1
2021214150,10,0.8571428571428571,1816.9285714285713,235996,11,1
2021214150,11,0.8,1769.8666666666666,236448,11,1
2021214150,13,1.1875,1775.9375,604800,19,0
2021214150,14,1.1176470588235294,1681.9411764705883,604800,19,0
2021214150,15,1.2222222222222223,1613.6666666666667,604800,20,0
2021214150,16,1.1578947368421053,1535.2631578947369,604800,20,0
2021214150,17,1.1,1466.35,386156,20,0
2021214150,18,1.0476190476190477,1396.5238095238096,385731,20,0
2021214150,19,1.2272727272727273,1411.3636363636363,3641,21,1
2021214150,20,1.173913043478261,1358.3478260869565,3577,21,1
2021214150,21,0.9166666666666666,1923.0833333333333,2355,15,0
2021214150,22,1.0,1669.5,181004,20,1
2021214150,23,0.8,1444.4,180485,20,1
2021214150,24,0.6666666666666666,1606.5,183482,21,1
2021214150,25,0.5714285714285714,1414.2857142857142,183505,21,1
2021214151,4,0.8,1545.4,604800,23,1
2021214151,5,0.6666666666666666,1307.8333333333333,604800,23,1
2021214151,8,0.5714285714285714,1144.4285714285713,604800,23,1
2021214151,9,0.4444444444444444,938.8888888888889,604800,0,0
2021214151,10,0.4,864.9,604800,0,0
2021214151,11,0.36363636363636365,793.0909090909091,604800,0,0
2021214151,13,0.3333333333333333,732.6666666666666,604800,0,0
2021214151,14,0.3076923076923077,681.0,604800,0,0
2021214151,15,0.35714285714285715,671.5,604800,12,0
2021214151,16,0.3333333333333333,631.1333333333333,604800,12,0
2021214151,17,0.5,1350.375,45146,21,1
2021214151,18,0.47058823529411764,1293.2941176470588,45065,21,1
2021214151,21,0.5,1053.125,604800,23,1
2021214151,22,2.0,3160.0,320379,11,0
2021214151,23,1.0,3263.5,322679,12,0
2021214151,24,0.6666666666666666,2184.6666666666665,323242,12,0
2021214151,25,0.5,1640.25,323013,12,0
2021214152,4,1.0,468.8,3295,22,1
2021214152,5,0.8333333333333334,421.5,3286,22,1
2021214152,7,1.2857142857142858,446.14285714285717,96015,22,1
2021214152,8,1.125,426.875,95700,22,1
2021214152,9,1.4,535.6,162797,14,1
2021214152,10,1.2727272727272727,506.1818181818182,162688,14,1
2021214152,11,1.1666666666666667,526.75,162786,14,1
2021214152,13,1.3076923076923077,644.3076923076923,604800,21,0
2021214152,14,1.2142857142857142,615.2142857142857,604800,21,0
2021214152,15,1.2,601.0666666666667,604800,19,0
2021214152,16,1.125,572.4375,604800,19,0
2021214152,17,1.0588235294117647,538.7647058823529,604800,19,0
2021214152,18,1.0555555555555556,584.1666666666666,604800,21,0
2021214152,19,1.0,639.2105263157895,348594,21,0
2021214152,20,0.95,623.15,348645,21,0
2021214152,21,1.2222222222222223,497.55555555555554,17006,19,0
2021214152,22,2.0,970.0,2463,18,0
2021214152,23,1.0,609.5,1648,18,0
2021214152,24,1.0,522.3333333333334,8259,20,0
2021214152,25,0.75,458.5,8271,20,0
2021214153,2,3.0,2294.0,256601,23,0
2021214153,3,1.5,1458.5,261543,23,0
2021214153,4,0.7142857142857143,1052.0,256926,21,0
2021214153,5,0.625,921.875,256754,21,0
2021214153,7,0.6666666666666666,898.7777777777778,270593,22,0
2021214153,9,0.8,934.3,604800,16,0
2021214153,10,0.7272727272727273,873.0,604800,16,0
2021214153,11,0.6666666666666666,812.8333333333334,604800,16,0
2021214153,13,0.6153846153846154,762.6923076923077,604800,16,0
2021214153,22,1.3333333333333333,1538.6666666666667,444798,21,0
2021214153,23,1.0,1249.5,444166,21,0
2021214153,24,0.8,1066.8,445055,21,0
2021214153,25,0.6666666666666666,924.1666666666666,445071,22,0
2021214155,3,1.0,428.0,168946,22,0
2021214155,4,0.8333333333333334,795.6666666666666,264594,23,0
2021214155,5,0.7142857142857143,707.5714285714286,264693,23,0
2021214155,7,0.75,677.375,348218,20,0
2021214155,8,0.6666666666666666,661.4444444444445,348096,20,0
2021214155,9,0.7272727272727273,745.2727272727273,589715,13,0
2021214155,10,0.6666666666666666,698.9166666666666,589642,13,0
2021214155,11,0.6153846153846154,696.7692307692307,589734,13,0
2021214155,13,0.7142857142857143,994.7857142857143,604800,10,1
2021214155,14,0.6666666666666666,943.8666666666667,604800,10,1
2021214155,15,0.625,895.125,604800,11,1
2021214155,16,0.5882352941176471,851.0,604800,11,1
2021214155,17,0.5555555555555556,814.5,93543,11,1
2021214155,18,0.5263157894736842,771.6315789473684,93167,11,1
2021214155,21,0.7,772.3,252678,13,0
2021214155,22,2.0,1591.0,436645,19,0
2021214155,23,1.3333333333333333,1126.0,435995,19,0
2021214155,24,1.0,909.25,436859,19,0
2021214155,25,0.8,766.4,436922,19,0
2021214156,3,0.6,418.8,604800,16,0
2021214156,4,0.6666666666666666,456.3333333333333,392474,11,0
2021214156,5,0.5714285714285714,416.0,392528,11,0
2021214156,7,0.75,444.75,400007,10,0
2021214156,8,0.6666666666666666,463.22222222222223,399955,11,0
2021214156,9,0.9,1449.1,604800,11,0
2021214156,22,2.0,996.0,446650,22,0
2021214156,23,1.0,606.0,445983,22,0
2021214156,24,0.6666666666666666,501.3333333333333,446827,22,0
2021214156,25,0.5,502.5,447240,22,0
2021214157,1,1.0,617.0,404357,16,0
2021214157,2,0.6666666666666666,794.6666666666666,415760,19,0
2021214157,3,0.5,508.0,408360,16,0
2021214157,4,0.45454545454545453,1017.9090909090909,604800,19,0
2021214157,5,0.5,1259.625,604800,14,0
2021214157,7,0.4444444444444444,1127.6666666666667,414144,14,0
2021214157,8,0.4,1030.4,413623,14,0
2021214157,21,0.5833333333333334,1151.5,604800,22,0
2021214157,22,0.75,1196.75,438130,19,0
2021214157,23,0.6,1078.2,437770,20,0
2021214157,24,0.5,988.5,438917,20,0
2021214157,25,0.42857142857142855,1098.5714285714287,440508,20,0
2021214158,4,0.8,926.4,56042,13,1
2021214158,5,0.6666666666666666,801.5,56070,13,1
2021214158,7,0.8571428571428571,808.4285714285714,65053,13,1
2021214158,8,0.75,835.875,65392,14,1
2021214158,9,1.0,958.7,68618,12,0
2021214158,10,0.9090909090909091,871.5454545454545,68625,12,0
2021214158,11,0.8333333333333334,858.6666666666666,68707,12,0
2021214158,13,1.0,988.5384615384615,604800,22,1
2021214158,14,0.9285714285714286,934.7142857142857,604800,22,1
2021214158,15,1.2,1191.2666666666667,604800,11,0
2021214158,16,1.125,1128.1875,604800,11,0
2021214158,17,1.0588235294117647,1126.4705882352941,527750,11,0
2021214158,18,1.0,1074.0555555555557,527375,11,0
2021214158,19,1.0526315789473684,1049.7894736842106,323794,14,0
2021214158,20,1.0,1012.4,323937,14,0
2021214158,21,1.0,1008.8888888888889,6912,17,0
2021214158,22,1.0,404.0,148285,11,1
2021214158,23,0.5,307.5,147510,11,1
2021214158,24,0.3333333333333333,425.3333333333333,148916,11,1
2021214158,25,0.25,386.25,148950,11,1
2021214159,4,0.8,919.0,40920,9,1
2021214159,5,0.6666666666666666,771.0,40768,9,1
2021214159,7,1.0,709.8571428571429,51565,10,1
2021214159,8,0.875,680.875,51525,10,1
2021214159,9,1.1,773.1,7905,19,0
2021214159,10,1.0,719.5454545454545,7841,19,0
2021214159,11,0.9166666666666666,699.5,7738,19,0
2021214159,13,1.0769230769230769,905.9230769230769,604800,11,1
2021214159,14,1.0,857.7857142857143,604800,11,1
2021214159,15,1.0,846.2,604800,16,0
2021214159,16,0.9375,802.625,604800,16,0
2021214159,17,0.9411764705882353,795.8823529411765,604800,10,1
2021214159,18,0.8888888888888888,762.1666666666666,604800,10,1
2021214159,19,0.8947368421052632,770.578947368421,68684,15,0
2021214159,20,0.85,743.75,68672,15,0
2021214159,21,1.1111111111111112,849.4444444444445,112373,22,0
2021214159,22,1.0,1352.0,74980,15,1
2021214159,23,0.5,782.5,74216,15,1
2021214159,24,0.3333333333333333,857.3333333333334,75787,15,1
2021214159,25,0.25,696.5,75787,15,1
2021214160,4,1.0,568.0,129979,10,0
2021214160,5,0.8333333333333334,526.3333333333334,130191,10,0
2021214160,7,1.0,618.4285714285714,263604,20,0
2021214160,8,0.875,603.375,263396,21,0
2021214160,9,1.1,828.4,335369,14,0
2021214160,10,1.0909090909090908,831.0,343341,16,0
2021214160,11,1.0,799.0,343226,17,0
2021214160,13,1.1538461538461537,817.3846153846154,604800,14,0
2021214160,14,1.0714285714285714,772.5714285714286,604800,15,0
2021214160,15,1.0666666666666667,802.0666666666667,604800,21,1
2021214160,16,1.0,762.875,604800,22,1
2021214160,17,0.9411764705882353,729.8235294117648,46508,22,1
2021214160,18,0.8888888888888888,697.0555555555555,46097,22,1
2021214160,19,0.9473684210526315,695.3157894736842,71811,16,0
2021214160,20,0.9,670.85,71787,16,0
2021214160,21,1.0,848.5555555555555,11429,18,0
2021214160,22,3.0,1227.0,8489,20,0
2021214160,23,1.5,970.5,8205,20,0
2021214160,24,1.0,755.3333333333334,9147,20,0
2021214160,25,1.0,623.0,15124,22,0
2021214161,4,1.2,1243.6,268459,0,0
2021214161,5,1.0,1051.8333333333333,268361,0,0
2021214161,7,1.1428571428571428,1102.142857142857,355484,22,0
2021214161,8,1.0,1040.75,355428,22,0
2021214161,9,1.2,1316.8,604800,23,0
2021214161,10,1.0909090909090908,1216.8181818181818,604800,23,0
2021214161,11,1.0,1140.4166666666667,604800,23,0
2021214161,13,1.0,1103.076923076923,0,15,0
2021214161,14,0.9285714285714286,1033.9285714285713,0,15,0
2021214161,15,0.8666666666666667,970.0,0,15,0
2021214161,16,0.8125,914.1875,0,15,0
2021214161,17,1.2352941176470589,1059.764705882353,484140,23,0
2021214161,18,1.1666666666666667,1017.1111111111111,483851,23,0
2021214161,19,1.1578947368421053,1020.2105263157895,348402,21,0
2021214161,20,1.1,979.85,348417,21,0
2021214161,21,1.1111111111111112,1044.5555555555557,5913,16,0
2021214161,22,3.0,2398.0,58024,10,1
2021214161,23,1.5,1303.5,57226,10,1
2021214161,24,1.0,1104.3333333333333,58494,10,1
2021214161,25,0.75,835.75,58308,10,1
2021214166,1,1.0,468.0,76270,21,1
2021214166,2,0.5,705.0,76654,21,1
2021214166,3,0.3333333333333333,843.0,82061,21,1
2021214166,4,0.375,621.5,142182,13,0
2021214166,5,0.3333333333333333,602.3333333333334,142439,13,0
2021214166,7,0.36363636363636365,772.0,604800,15,0
2021214166,8,0.3333333333333333,748.3333333333334,604800,16,0
2021214166,21,0.4,835.0,3024,15,0
2021214166,22,0.5,930.0,174694,18,1
2021214166,23,0.4,802.2,174067,18,1
2021214166,24,0.3333333333333333,727.3333333333334,174995,18,1
2021214166,25,0.2857142857142857,661.4285714285714,175053,19,1
2021214167,4,1.6,1441.2,50321,11,1
2021214167,5,1.3333333333333333,1278.1666666666667,50644,12,1
2021214167,7,1.4285714285714286,1558.7142857142858,62365,13,1
2021214167,8,1.25,1463.25,62551,13,1
2021214167,9,1.6,1459.1,151041,11,1
2021214167,10,1.4545454545454546,1342.909090909091,151004,11,1
2021214167,11,1.3333333333333333,1272.1666666666667,151245,11,1
2021214167,13,1.6923076923076923,1462.7692307692307,604800,18,0
2021214167,14,1.5714285714285714,1374.4285714285713,604800,18,0
2021214167,15,1.5294117647058822,1246.5294117647059,604800,23,0
2021214167,16,1.4444444444444444,1185.2777777777778,604800,23,0
2021214167,17,1.7333333333333334,1386.8666666666666,397632,23,0
2021214167,18,1.625,1311.5625,397308,23,0
2021214167,21,1.4444444444444444,1494.7777777777778,29209,23,0
2021214167,22,3.0,1152.0,55270,9,1
2021214167,23,2.0,2222.5,72790,14,1
2021214167,24,1.6666666666666667,2036.0,155313,13,1
2021214167,25,1.25,1581.25,155329,13,1
2021214168,1,1.0,733.0,69000,19,1
2021214168,2,0.5,604.5,68977,19,1
2021214168,3,0.3333333333333333,511.6666666666667,73729,19,1
2021214168,4,0.375,565.875,93325,23,1
2021214168,5,0.3333333333333333,539.8888888888889,93557,0,0
2021214168,7,0.4,506.1,94821,22,1
2021214168,8,0.36363636363636365,563.9090909090909,95343,22,1
2021214168,9,0.46153846153846156,681.1538461538462,604800,20,0
2021214168,10,0.42857142857142855,649.2142857142857,604800,20,0
2021214168,11,0.4,685.2666666666667,604800,20,0
2021214168,13,0.375,678.25,604800,20,0
2021214168,14,0.35294117647058826,734.2941176470588,604800,21,0
2021214168,15,0.3333333333333333,701.6666666666666,604800,21,0
2021214168,16,0.3157894736842105,707.3157894736842,604800,21,0
2021214168,21,0.4166666666666667,669.6666666666666,116108,23,0
2021214168,22,0.75,632.75,604800,23,1
2021214168,23,0.6,549.4,604800,23,1
2021214168,24,0.5,518.1666666666666,604800,23,1
2021214168,25,0.42857142857142855,484.0,604800,23,1
2021214169,1,1.0,212.0,249390,21,0
2021214169,2,0.5,275.5,249164,21,0
2021214169,3,0.3333333333333333,239.0,253615,21,0
2021214169,4,0.375,700.875,42625,9,1
2021214169,5,0.3333333333333333,632.7777777777778,42586,9,1
2021214169,7,0.4,589.5,75012,16,1
2021214169,8,0.36363636363636365,559.0909090909091,74575,16,1
2021214169,9,0.46153846153846156,538.6923076923077,587698,12,0
2021214169,10,0.42857142857142855,506.92857142857144,587490,12,0
2021214169,11,0.4,489.2,587100,12,0
2021214169,13,0.5625,497.1875,604800,9,1
2021214169,14,0.5294117647058824,475.11764705882354,604800,9,1
2021214169,15,0.6111111111111112,448.72222222222223,604800,11,0
2021214169,16,0.5789473684210527,432.7894736842105,604800,11,0
2021214169,17,0.55,419.25,604800,11,0
2021214169,18,0.5238095238095238,404.4761904761905,604800,11,0
2021214169,19,0.5,390.90909090909093,227346,11,0
2021214169,20,0.4782608695652174,379.39130434782606,227219,11,0
2021214169,21,0.4166666666666667,535.3333333333334,112150,22,0
2021214169,22,0.5,505.0,143605,10,1
2021214169,23,0.2857142857142857,729.1428571428571,145690,10,1
2021214169,24,0.3333333333333333,848.8333333333334,146180,10,1
2021214169,25,0.4,1016.8,145888,10,1
2021214170,1,1.0,322.0,253049,22,0
2021214170,2,0.5,287.0,252664,22,0
2021214170,3,0.3333333333333333,249.0,257112,22,0
2021214170,4,0.625,525.5,254867,20,0
2021214170,5,0.5555555555555556,480.0,254896,20,0
2021214170,7,0.6,459.9,402116,11,0
2021214170,8,0.5454545454545454,418.09090909090907,401716,11,0
2021214170,13,0.6923076923076923,667.9230769230769,16156,19,0
2021214170,14,0.6428571428571429,633.5,16182,19,0
2021214170,15,0.6,591.2666666666667,16366,20,0
2021214170,16,0.5625,563.1875,16405,20,0
2021214170,21,0.5833333333333334,651.25,24999,22,0
2021214170,22,1.0,847.25,61184,11,1
2021214170,23,0.8,710.4,60325,11,1
2021214170,24,0.6666666666666666,632.8333333333334,61128,11,1
2021214170,25,0.5714285714285714,566.0,61102,11,1
2021214171,4,1.0,604.8,67440,16,1
2021214171,5,0.8333333333333334,550.3333333333334,67536,16,1
2021214171,7,1.1428571428571428,652.5714285714286,63839,13,1
2021214171,8,1.125,597.875,76976,17,1
2021214171,9,1.2,847.1,67798,12,0
2021214171,10,1.0909090909090908,809.6363636363636,67905,12,0
2021214171,11,1.0,790.0,67862,12,0
2021214171,13,1.0769230769230769,821.9230769230769,604800,22,1
2021214171,14,1.0,815.9285714285714,604800,22,1
2021214171,15,1.2,854.3333333333334,604800,11,0
2021214171,16,1.125,808.3125,604800,11,0
2021214171,17,1.2941176470588236,892.0588235294117,520890,9,0
2021214171,18,1.2222222222222223,849.7777777777778,520445,9,0
2021214171,19,1.3157894736842106,827.2631578947369,2156,21,1
2021214171,20,1.25,797.3,2169,21,1
2021214171,21,1.2222222222222223,715.0,3301,16,0
2021214171,22,2.0,896.0,2228,18,0
2021214171,23,1.0,624.0,1573,18,0
2021214171,24,0.6666666666666666,720.0,3048,19,0
2021214171,25,0.5,637.0,3207,19,0
2021214172,1,1.0,365.0,402318,15,0
2021214172,2,1.0,447.0,504635,20,0
2021214172,3,0.6666666666666666,536.6666666666666,509803,20,0
2021214172,4,0.75,394.125,64385,15,1
2021214172,5,0.6666666666666666,362.44444444444446,64468,15,1
2021214172,7,0.8,534.4,68560,14,1
2021214172,8,0.7272727272727273,540.7272727272727,68449,14,1
2021214172,21,0.8333333333333334,663.3333333333334,264732,16,0
2021214172,22,0.75,507.75,69009,13,1
2021214172,23,0.6,444.0,68226,13,1
2021214172,24,0.5,441.1666666666667,69173,13,1
2021214172,25,0.42857142857142855,402.2857142857143,69145,13,1
2021214173,4,0.6,990.2,155312,17,0
2021214173,5,0.5,854.0,155367,17,0
2021214173,7,1.0,1237.5714285714287,50601,9,1
2021214173,8,0.875,1123.125,50234,9,1
2021214173,9,1.0,1157.9,604800,9,1
2021214173,10,0.9090909090909091,1071.1818181818182,604800,10,1
2021214173,11,0.8333333333333334,1021.4166666666666,604800,10,1
2021214173,13,0.8461538461538461,963.9230769230769,604800,19,0
2021214173,14,0.7857142857142857,945.7142857142857,604800,19,0
2021214173,21,1.0,1186.5555555555557,77126,12,0
2021214173,22,2.0,3743.0,1056,18,0
2021214173,23,1.0,1933.5,202,18,0
2021214173,24,0.6666666666666666,1347.6666666666667,940,18,0
2021214173,25,0.5,1039.25,874,18,0
2021214175,1,1.0,870.0,58383,16,1
2021214175,2,0.5,683.0,58269,16,1
2021214175,3,0.3333333333333333,520.0,62795,16,1
2021214175,4,0.875,1032.25,313677,13,0
2021214175,5,0.7777777777777778,927.6666666666666,313653,13,0
2021214175,7,0.8,854.2,156535,15,0
2021214175,8,0.7272727272727273,802.0,156179,15,0
2021214175,9,0.9230769230769231,945.6153846153846,534530,21,0
2021214175,10,0.8571428571428571,891.1428571428571,534495,22,0
2021214175,11,0.8,849.2666666666667,534257,22,0
2021214175,13,1.0625,1018.5,604800,21,0
2021214175,14,1.0,971.5882352941177,604800,21,0
2021214175,15,0.9444444444444444,925.7222222222222,604800,21,0
2021214175,16,0.8947368421052632,884.2631578947369,604800,21,0
2021214175,17,0.95,1135.7,604800,10,1
2021214175,18,0.9047619047619048,1091.3809523809523,604800,11,1
2021214175,21,0.9166666666666666,995.0,25474,22,0
2021214175,22,1.25,1601.5,279483,23,0
2021214175,23,1.0,1307.0,278605,23,0
2021214175,24,0.8333333333333334,1114.0,279366,23,0
2021214175,25,0.7142857142857143,973.0,279298,23,0
2021214178,4,1.6,961.6,39684,9,1
2021214178,5,1.3333333333333333,955.8333333333334,40471,9,1
2021214178,7,1.7142857142857142,924.5714285714286,67783,14,1
2021214178,8,1.5,948.625,68202,14,1
2021214178,9,1.7,1269.3,604800,22,0
2021214178,21,1.5555555555555556,1294.888888888889,78539,12,0
2021214178,22,4.0,965.0,439371,20,0
2021214178,23,2.0,670.5,438737,20,0
2021214178,24,1.3333333333333333,1106.3333333333333,441273,20,0
2021214178,25,1.0,950.25,441570,21,0
2021214179,4,1.6,839.4,53092,12,1
2021214179,5,1.3333333333333333,741.1666666666666,53223,12,1
2021214179,7,1.4285714285714286,927.7142857142857,76376,16,1
2021214179,8,1.25,893.375,76434,17,1
2021214179,9,1.5,1026.6,238151,11,1
2021214179,10,1.3636363636363635,952.0,238064,11,1
2021214179,11,1.3333333333333333,919.25,241711,12,1
2021214179,13,1.7692307692307692,1176.7692307692307,604800,19,1
2021214179,14,1.6428571428571428,1112.142857142857,604800,19,1
2021214179,15,1.7333333333333334,1250.0,604800,15,1
2021214179,16,1.625,1217.75,604800,15,1
2021214179,17,1.5294117647058822,1158.764705882353,24027,15,1
2021214179,18,1.4444444444444444,1104.388888888889,23639,15,1
2021214179,19,1.5789473684210527,1078.9473684210527,0,20,1
2021214179,20,1.5,1036.7,0,20,1
2021214179,21,1.4444444444444444,1004.5555555555555,5708,16,0
2021214179,22,4.0,1947.0,94557,20,1
2021214179,23,2.0,1078.0,93785,20,1
2021214179,24,1.3333333333333333,813.6666666666666,94651,20,1
2021214179,25,1.0,662.75,94655,20,1
2021214180,4,1.4,2700.6,782,22,1
2021214180,5,1.1666666666666667,2527.1666666666665,2296,22,1
2021214180,7,1.4285714285714286,2653.1428571428573,3882,20,1
2021214180,8,1.375,2509.625,47393,9,1
2021214180,9,1.8,2817.3,95284,19,0
2021214180,10,1.6363636363636365,2855.909090909091,98314,20,0
2021214180,11,1.6666666666666667,2788.4166666666665,114502,1,1
2021214180,13,1.8461538461538463,2701.923076923077,17602,20,0
2021214180,14,1.7142857142857142,2589.9285714285716,18583,20,0
2021214180,15,1.6,2436.0666666666666,18814,20,0
2021214180,16,1.5625,2340.625,24794,22,0
2021214180,17,2.5294117647058822,3151.5882352941176,53246,23,1
2021214180,18,2.4444444444444446,2998.1111111111113,59305,1,1
2021214180,19,2.789473684210526,3022.5263157894738,1279,21,1
2021214180,20,2.65,2903.5,1768,21,1
2021214180,21,1.7777777777777777,3057.6666666666665,3184,15,0
2021214180,22,2.0,6378.0,193915,0,0
2021214180,23,1.0,3717.0,195994,0,0
2021214180,24,0.6666666666666666,2675.6666666666665,197577,1,0
2021214180,25,0.5,2201.5,198286,1,0
2021214181,4,0.8,848.4,47553,11,1
2021214181,5,0.6666666666666666,743.1666666666666,47684,11,1
2021214181,7,0.8571428571428571,937.1428571428571,3563,20,1
2021214181,8,0.75,869.75,3369,20,1
2021214181,9,1.0,1099.5,96463,20,0
2021214181,10,0.9090909090909091,1017.9090909090909,96362,20,0
2021214181,11,0.8333333333333334,956.8333333333334,96048,20,0
2021214181,13,1.0,1064.923076923077,604800,12,0
2021214181,14,0.9285714285714286,998.5,604800,12,0
2021214181,15,1.125,915.9375,604800,17,0
2021214181,16,1.2,976.4666666666667,604800,17,0
2021214181,17,1.3529411764705883,936.7058823529412,114099,16,1
2021214181,18,1.2777777777777777,899.0,113802,16,1
2021214181,19,1.3157894736842106,877.7368421052631,66566,15,0
2021214181,20,1.25,839.95,66436,15,0
2021214181,21,1.0,922.5555555555555,4235,16,0
2021214181,22,2.0,2128.0,13670,21,0
2021214181,23,1.0,1289.5,13125,22,0
2021214181,24,0.6666666666666666,946.6666666666666,14015,22,0
2021214181,25,0.5,756.5,14039,22,0
2021214182,1,1.0,156.0,0,0,1
2021214182,2,0.5,404.0,0,0,1
2021214182,3,0.3333333333333333,371.6666666666667,4605,0,1
2021214182,4,0.75,729.375,92573,23,1
2021214182,5,0.6666666666666666,664.1111111111111,92646,23,1
2021214182,7,0.8,691.9,188054,23,0
2021214182,8,0.7272727272727273,685.3636363636364,187980,0,0
2021214182,9,0.8461538461538461,746.8461538461538,604800,23,0
2021214182,10,0.7857142857142857,701.7142857142857,604800,23,0
2021214182,11,0.7333333333333333,694.4666666666667,604800,23,0
2021214182,13,0.875,677.8125,604800,0,0
2021214182,14,0.8235294117647058,649.0,604800,0,0
2021214182,15,0.7777777777777778,629.0,604800,0,0
2021214182,16,0.7368421052631579,600.7894736842105,604800,0,0
2021214182,17,0.75,642.1,604800,16,0
2021214182,18,0.7142857142857143,621.8095238095239,604800,17,0
2021214182,19,0.6818181818181818,704.8181818181819,421110,17,0
2021214182,20,0.6521739130434783,682.3913043478261,421059,17,0
2021214182,21,0.75,646.5,6215,16,0
2021214182,22,1.0,1000.75,149657,11,1
2021214182,23,0.8,938.8,149378,11,1
2021214182,24,0.6666666666666666,807.0,150139,12,1
2021214182,25,0.5714285714285714,758.7142857142857,150367,12,1
2021214183,4,1.2,1668.6,604800,16,0
2021214183,5,1.0,1436.5,604800,16,0
2021214183,7,0.8571428571428571,1250.7142857142858,604800,16,0
2021214183,8,0.75,1153.875,604800,16,0
2021214183,21,0.6666666666666666,1062.0,178863,16,0
2021214183,22,1.0,485.0,437067,19,0
2021214183,23,0.5,351.5,436372,19,0
2021214183,24,0.3333333333333333,332.3333333333333,437225,19,0
2021214183,25,0.25,305.25,437352,19,0
2021214184,1,3.0,4928.0,604800,14,1
2021214184,2,1.5,2701.5,604800,14,1
2021214184,3,1.0,1935.6666666666667,604800,14,1
2021214184,4,0.5,1166.25,66904,16,1
2021214184,5,0.4444444444444444,1058.5555555555557,66984,16,1
2021214184,7,0.6,1049.4,91963,21,1
2021214184,8,0.5454545454545454,999.0909090909091,91747,21,1
2021214184,9,0.6153846153846154,1135.0,257158,16,1
2021214184,10,0.5714285714285714,1071.142857142857,257108,16,1
2021214184,11,0.5333333333333333,1032.0666666666666,256990,17,1
2021214184,13,0.6875,1047.1875,604800,20,1
2021214184,14,0.6470588235294118,999.5294117647059,604800,20,1
2021214184,15,0.7777777777777778,1102.1666666666667,604800,14,1
2021214184,16,0.7368421052631579,1052.2631578947369,604800,14,1
2021214184,17,0.7,1009.1,21071,15,1
2021214184,18,0.6666666666666666,969.4761904761905,20654,15,1
2021214184,19,0.6818181818181818,959.5454545454545,5115,22,1
2021214184,20,0.6521739130434783,927.8695652173913,5117,22,1
2021214184,21,0.5833333333333334,1088.6666666666667,2420,15,0
2021214184,22,0.75,1538.25,161171,14,1
2021214184,23,0.6,1278.2,160441,15,1
2021214184,24,0.5,1113.1666666666667,161340,15,1
2021214184,25,0.42857142857142855,986.8571428571429,161388,15,1
2021214186,1,0.23076923076923078,566.3076923076923,604800,18,1
2021214186,2,0.21428571428571427,543.7142857142857,604800,18,1
2021214186,3,0.2,529.0,604800,18,1
2021214186,4,0.2,540.25,604800,12,1
2021214186,5,0.19047619047619047,518.6666666666666,604800,12,1
2021214186,7,3.0,2555.0,604800,16,1
2021214186,8,1.5,1528.0,604800,16,1
2021214186,9,0.75,1033.25,604800,17,1
2021214186,10,0.6,864.4,604800,17,1
2021214186,11,0.5,810.6666666666666,604800,17,1
2021214186,13,0.42857142857142855,777.2857142857143,604800,17,1
2021214186,14,0.375,709.125,604800,17,1
2021214186,15,0.3333333333333333,678.8888888888889,604800,18,1
2021214186,16,0.3,625.4,604800,18,1
2021214186,17,0.2727272727272727,601.7272727272727,32634,18,1
2021214186,18,0.25,568.5833333333334,32302,18,1
2021214186,21,1.0,1344.3333333333333,604800,17,1
2021214186,22,0.1875,506.3125,604800,18,1
2021214186,23,0.17647058823529413,551.8823529411765,604800,19,1
2021214186,24,0.16666666666666666,574.8333333333334,604800,19,1
2021214186,25,0.21052631578947367,560.2631578947369,604800,12,1
2021214187,4,0.8,526.6,265707,23,0
2021214187,5,0.6666666666666666,531.3333333333334,266105,23,0
2021214187,7,0.7142857142857143,534.2857142857143,9856,22,1
2021214187,8,0.625,527.875,9879,22,1
2021214187,9,0.9,924.3,55416,8,0
2021214187,10,0.9090909090909091,866.5454545454545,165266,15,1
2021214187,11,1.0,1273.0833333333333,358568,21,0
2021214187,13,1.1538461538461537,1329.2307692307693,604800,22,0
2021214187,14,1.1428571428571428,1332.857142857143,604800,11,0
2021214187,15,1.2666666666666666,1361.5333333333333,604800,16,0
2021214187,16,1.1875,1288.8125,604800,16,0
2021214187,17,1.1176470588235294,1230.5294117647059,198460,16,0
2021214187,19,1.1111111111111112,1199.0,81459,19,0
2021214187,20,1.0526315789473684,1172.7894736842106,81918,19,0
2021214187,21,0.7777777777777778,787.4444444444445,87949,15,0
2021214187,22,2.0,1695.0,1926,18,0
2021214187,23,1.0,994.5,1218,18,0
2021214187,24,1.0,758.6666666666666,193285,0,0
2021214187,25,0.75,572.75,193149,0,0
2021214188,4,0.8,831.4,240972,16,0
2021214188,5,0.6666666666666666,770.8333333333334,241290,17,0
2021214188,7,0.7142857142857143,1029.2857142857142,260134,19,0
2021214188,8,0.625,966.0,260132,20,0
2021214188,9,0.8,1046.4,254350,16,1
2021214188,10,0.7272727272727273,969.0909090909091,254387,16,1
2021214188,11,0.6666666666666666,933.1666666666666,254401,16,1
2021214188,13,1.2307692307692308,1356.5384615384614,604800,15,0
2021214188,14,1.1428571428571428,1278.7142857142858,604800,16,0
2021214188,15,1.0666666666666667,1204.6666666666667,604800,16,0
2021214188,16,1.0,1139.0,604800,16,0
2021214188,17,1.1176470588235294,1293.0588235294117,445340,12,0
2021214188,18,1.0555555555555556,1234.2222222222222,445033,12,0
2021214188,19,1.105263157894737,1250.9473684210527,330696,16,0
2021214188,20,1.05,1202.15,330779,16,0
2021214188,21,0.6666666666666666,1068.3333333333333,12031,18,0
2021214188,22,3.0,1530.0,441713,20,0
2021214188,23,1.5,877.5,440938,20,0
2021214188,24,1.0,696.3333333333334,441837,21,0
2021214188,25,0.75,595.0,442010,21,0
2021214189,2,1.0,2028.0,37157,10,1
2021214189,3,1.0,1153.5,53793,14,1
2021214189,4,1.0,756.2857142857143,295046,7,0
2021214189,5,0.875,673.0,295002,7,0
2021214189,7,1.0,620.4444444444445,348102,20,0
2021214189,8,0.9,632.7,348241,20,0
2021214189,9,1.0,657.4166666666666,600385,16,0
2021214189,10,0.9230769230769231,614.0769230769231,600215,16,0
2021214189,11,0.8571428571428571,591.2142857142857,599874,16,0
2021214189,13,1.0,617.0666666666667,604800,10,1
2021214189,14,0.9375,578.5,604800,10,1
2021214189,15,0.8823529411764706,554.3529411764706,604800,10,1
2021214189,16,0.8333333333333334,527.7222222222222,604800,10,1
2021214189,17,0.7894736842105263,505.8421052631579,604800,11,1
2021214189,18,0.75,485.45,604800,11,1
2021214189,21,0.9090909090909091,675.4545454545455,171309,14,0
2021214189,22,1.6666666666666667,1312.6666666666667,443725,21,0
2021214189,23,1.25,1015.0,442848,21,0
2021214189,24,1.0,841.2,443556,21,0
2021214189,25,0.8333333333333334,719.5,443445,21,0
2021214190,4,0.4,766.6,385669,9,0
2021214190,5,0.3333333333333333,658.3333333333334,385660,9,0
2021214190,7,0.42857142857142855,915.1428571428571,67770,14,1
2021214190,8,0.375,840.875,67411,14,1
2021214190,9,0.5,773.9,604800,13,1
2021214190,10,0.45454545454545453,720.8181818181819,604800,13,1
2021214190,11,0.4166666666666667,700.3333333333334,604800,13,1
2021214190,13,0.46153846153846156,709.5384615384615,604800,13,1
2021214190,14,0.42857142857142855,675.5714285714286,604800,13,1
2021214190,21,0.4444444444444444,777.2222222222222,113874,22,0
2021214190,22,1.0,259.0,240029,12,0
2021214190,23,0.5,218.5,239162,12,0
2021214190,24,0.3333333333333333,214.66666666666666,239916,12,0
2021214190,25,0.25,197.0,239833,13,0
2021214191,4,0.6,933.4,39122,8,1
2021214191,5,0.5,793.8333333333334,39180,8,1
2021214191,7,0.5714285714285714,704.4285714285714,51122,9,1
2021214191,8,0.5,647.875,50798,10,1
2021214191,9,0.7,647.0,154800,12,1
2021214191,10,0.6363636363636364,598.7272727272727,154687,12,1
2021214191,11,0.5833333333333334,584.4166666666666,154571,12,1
2021214191,13,0.6923076923076923,799.3076923076923,604800,11,0
2021214191,14,0.6428571428571429,751.0714285714286,604800,11,0
2021214191,15,0.7333333333333333,1136.5333333333333,604800,14,0
2021214191,16,0.6875,1070.6875,604800,14,0
2021214191,17,0.7647058823529411,1170.5882352941176,45283,21,1
2021214191,18,0.7222222222222222,1116.2777777777778,44943,21,1
2021214191,19,0.7894736842105263,1070.3157894736842,57945,12,0
2021214191,20,0.75,1027.9,57988,12,0
2021214191,21,0.6666666666666666,614.0,11724,18,0
2021214191,22,1.0,330.0,75244,15,1
2021214191,23,0.5,276.5,74518,15,1
2021214191,24,0.3333333333333333,277.3333333333333,75391,15,1
2021214191,25,0.25,299.75,75643,15,1
2021214192,4,0.6,983.4,37307,8,1
2021214192,5,0.5,848.3333333333334,37292,8,1
2021214192,7,0.7142857142857143,862.4285714285714,0,19,1
2021214192,8,0.625,814.625,0,19,1
2021214192,9,0.9,1099.5,72171,13,0
2021214192,10,0.8181818181818182,1015.7272727272727,72100,13,0
2021214192,11,0.75,970.8333333333334,72030,13,0
2021214192,13,1.0,1192.076923076923,604800,9,0
2021214192,14,0.9285714285714286,1136.2857142857142,604800,9,0
2021214192,15,1.0,1198.0,604800,9,1
2021214192,16,0.9375,1132.8125,604800,9,1
2021214192,17,0.8823529411764706,1077.5294117647059,0,9,1
2021214192,18,0.8333333333333334,1048.9444444444443,0,9,1
2021214192,19,0.8947368421052632,1036.3684210526317,169057,19,0
2021214192,20,0.85,996.3,169044,19,0
2021214192,21,0.7777777777777778,991.1111111111111,702,15,0
2021214192,22,2.0,4001.0,6981,20,0
2021214192,23,1.0,2056.0,6023,20,0
2021214192,24,0.6666666666666666,1421.0,6710,20,0
2021214192,25,0.5,1096.25,6652,20,0
2021214193,4,0.8,526.8,46600,10,1
2021214193,5,0.6666666666666666,458.6666666666667,47164,11,1
2021214193,7,0.7142857142857143,413.57142857142856,159623,16,0
2021214193,8,0.625,395.25,159248,16,0
2021214193,9,0.8,1124.2,151024,11,1
2021214193,10,0.7272727272727273,1030.909090909091,151331,11,1
2021214193,11,0.6666666666666666,985.5,151381,11,1
2021214193,13,0.8461538461538461,1074.923076923077,604800,15,1
2021214193,14,0.7857142857142857,1017.5714285714286,604800,15,1
2021214193,15,0.9333333333333333,1018.2666666666667,604800,23,0
2021214193,16,0.875,960.875,604800,23,0
2021214193,17,0.8235294117647058,938.8235294117648,398355,23,0
2021214193,18,0.7777777777777778,893.6111111111111,397877,23,0
2021214193,21,0.8888888888888888,614.1111111111111,412921,9,1
2021214193,22,1.0,298.0,84727,17,1
2021214193,23,0.5,230.0,83940,17,1
2021214193,24,0.3333333333333333,263.6666666666667,85189,18,1
2021214193,25,0.25,274.75,85760,18,1
2021214194,4,3.2,3338.4,1522,22,1
2021214194,5,2.6666666666666665,2823.8333333333335,1687,22,1
2021214194,7,2.5714285714285716,2794.1428571428573,44330,8,1
2021214194,8,2.25,2507.5,44154,8,1
2021214194,9,2.5,2534.1,59623,10,0
2021214194,10,2.272727272727273,2345.2727272727275,59874,10,0
2021214194,11,2.0833333333333335,2189.4166666666665,59739,10,0
2021214194,13,2.1538461538461537,2161.5384615384614,21301,21,0
2021214194,14,2.0,2023.5,21370,21,0
2021214194,15,1.8666666666666667,1898.3333333333333,21432,21,0
2021214194,16,1.75,1790.625,21552,21,0
2021214194,17,2.0588235294117645,2087.9411764705883,5719,10,1
2021214194,18,1.9444444444444444,1981.7777777777778,5298,10,1
2021214194,19,1.9473684210526316,1894.6842105263158,4646,22,1
2021214194,20,1.85,1811.75,4650,22,1
2021214194,21,2.5555555555555554,2476.1111111111113,1113,15,0
2021214194,22,6.0,4983.0,9207,20,0
2021214194,23,3.0,2788.0,8785,20,0
2021214194,24,2.0,2058.3333333333335,11011,21,0
2021214194,25,1.5,1629.25,11255,21,0
2021214195,1,2.0,742.0,247487,20,0
2021214195,2,1.0,488.5,247070,20,0
2021214195,3,0.6666666666666666,385.3333333333333,251532,20,0
2021214195,4,0.5,548.25,431747,21,0
2021214195,5,0.4444444444444444,502.6666666666667,431726,21,0
2021214195,7,0.5,475.4,355835,22,0
2021214195,8,0.45454545454545453,460.45454545454544,355469,22,0
2021214195,9,0.5384615384615384,482.6923076923077,604800,10,1
2021214195,10,0.5,454.92857142857144,604800,10,1
2021214195,11,0.4666666666666667,440.8666666666667,604800,10,1
2021214195,21,0.5833333333333334,518.9166666666666,604800,10,1
2021214195,22,0.75,424.0,440548,20,0
2021214195,23,0.6,369.4,439694,20,0
2021214195,24,0.5,332.1666666666667,440427,20,0
2021214195,25,0.42857142857142855,300.0,440327,20,0
2021214392,1,2.0,2768.0,209586,10,0
2021214392,2,1.0,3688.5,213677,11,0
2021214392,3,0.6666666666666666,2524.3333333333335,218141,11,0
2021214392,4,0.625,1161.25,604800,18,0
2021214392,5,0.5555555555555556,1039.0,604800,18,0
2021214392,7,0.6,963.6,604800,22,0
2021214392,9,0.6666666666666666,939.1666666666666,256497,16,1
2021214392,10,0.6153846153846154,883.6153846153846,256455,16,1
2021214392,11,0.5714285714285714,853.2857142857143,256319,16,1
2021214392,13,0.8,1170.6,604800,14,0
2021214392,14,0.75,1134.125,604800,14,0
2021214392,15,0.7647058823529411,1080.2941176470588,604800,14,0
2021214392,16,0.7222222222222222,1028.0,604800,14,0
2021214392,17,0.7894736842105263,1104.3157894736842,604800,10,0
2021214392,18,0.75,1058.85,604800,10,0
2021214392,19,0.7142857142857143,1019.1904761904761,49287,10,0
2021214392,20,0.6818181818181818,984.6818181818181,49293,10,0
2021214392,21,0.6363636363636364,913.3636363636364,253612,13,0
2021214392,22,0.75,1997.75,498962,12,0
2021214392,23,0.6,1601.4,498125,12,0
2021214392,24,0.5,1338.1666666666667,498680,12,0
2021214392,25,0.42857142857142855,1151.0,498490,12,0
