"255","1","kakaki","B,C,B,C"," 1,2,"," 3,4,","2022/8/30 14:40:28","2022/8/30 14:40:34","00:00:06","50","2"
"256","1","test","A,B,A,C"," "," 1,2,3,4,","2022/9/2上午9:47:18","2022/9/2上午9:48:33","00:01:15","0","0"
"257","9","test","C,D,D,C"," "," 1,2,3,4,","2022/9/2上午10:23:12","2022/9/2上午10:23:16","00:00:04","0","0"
"258","2","test","C,C,C,B"," "," 1,2,3,4,","2022/9/4 22:27:30","2022/9/4 22:27:39","00:00:08","0","0"
"259","1","2020213313","B,B,C,D"," 1,3,4,"," 2,","2022/9/5 17:44:06","2022/9/5 17:46:21","00:02:14","75","3"
"260","1","2020213331","B,C,C,D"," 1,2,3,4,"," ","2022/9/8 下午2:37:41","2022/9/8 下午2:46:30","00:08:49","100","4"
"261","2","2020213331","D,B,B,C"," 2,3,4,"," 1,","2022/9/8 下午2:52:43","2022/9/8 下午2:55:18","00:02:34","75","3"
"262","3","2020213331","D,D,A,D"," 1,2,3,4,"," ","2022/9/8 下午3:06:27","2022/9/8 下午3:12:14","00:05:46","100","4"
"264","5","2020213331","D,C,A,B"," 1,2,4,"," 3,","2022/9/8 下午3:42:53","2022/9/8 下午3:48:36","00:05:43","75","3"
"265","1","2020213338","B,C,C,A"," 1,2,3,"," 4,","2022/9/9 22:26:11","2022/9/9 22:27:35","00:01:24","75","3"
"266","1","2020213335","B,C,C,D"," 1,2,3,4,"," ","2022/9/10 上午11:31:10","2022/9/10 上午11:32:27","00:01:17","100","4"
"267","1","2020213381","B,C,C,C"," 1,2,3,"," 4,","2022/9/11 11:07:42","2022/9/11 11:08:25","00:00:43","75","3"
"268","1","2020213353","B,C,C,A"," 1,2,3,"," 4,","2022/9/11 上午11:08:41","2022/9/11 上午11:15:56","00:07:15","75","3"
"269","1","2020213355","B,C,C,D"," 1,2,3,4,"," ","2022/9/11 上午11:12:34","2022/9/11 上午11:16:20","00:03:46","100","4"
"270","2","2020213381","A,B,B,A"," 1,2,3,"," 4,","2022/9/11 11:20:09","2022/9/11 11:20:45","00:00:35","75","3"
"271","2","2020213353","A,B,B,A"," 1,2,3,"," 4,","2022/9/11 上午11:26:39","2022/9/11 上午11:26:47","00:00:07","75","3"
"272","2","2020213355","A,B,B,C"," 1,2,3,4,"," ","2022/9/11 上午11:21:56","2022/9/11 上午11:27:07","00:05:10","100","4"
"273","3","2020213381","D,D,A,D"," 1,2,3,4,"," ","2022/9/11 11:34:11","2022/9/11 11:35:27","00:01:15","100","4"
"274","3","2020213355","D,D,A,D"," 1,2,3,4,"," ","2022/9/11 上午11:34:29","2022/9/11 上午11:45:09","00:10:39","100","4"
"275","3","2020213353","D,D,A,D"," 1,2,3,4,"," ","2022/9/11 上午11:44:24","2022/9/11 上午11:45:10","00:00:46","100","4"
"276","4","2020213353","A,B,B,D"," 1,2,3,"," 4,","2022/9/11 上午11:53:11","2022/9/11 上午11:53:20","00:00:08","75","3"
"277","4","2020213355","A,B,B,D"," 1,2,3,"," 4,","2022/9/11 上午11:49:51","2022/9/11 上午11:53:19","00:03:27","75","3"
"278","4","2020213381","A,B,B,C"," 1,2,3,4,"," ","2022/9/11 11:54:37","2022/9/11 11:55:16","00:00:39","100","4"
"279","5","2020213355","D,C,D,B"," 1,2,3,4,"," ","2022/9/11 下午12:06:56","2022/9/11 下午12:07:05","00:00:08","100","4"
"280","5","2020213353","D,C,D,B"," 1,2,3,4,"," ","2022/9/11 下午12:05:24","2022/9/11 下午12:07:07","00:01:42","100","4"
"281","5","2020213381","D,C,D,B"," 1,2,3,4,"," ","2022/9/11 12:06:56","2022/9/11 12:08:11","00:01:14","100","4"
"282","1","2020213322","B,C,C,D"," 1,2,3,4,"," ","2022/9/11 12:15:22","2022/9/11 12:16:24","00:01:00","100","4"
"283","2","2020213322","D,B,B,C"," 2,3,4,"," 1,","2022/9/11 12:26:21","2022/9/11 12:27:00","00:00:38","75","3"
"284","2","2020213335","A,B,B,A"," 1,2,3,"," 4,","2022/9/11 下午12:26:46","2022/9/11 下午12:28:54","00:02:08","75","3"
"285","3","2020213335","D,C,A,C"," 1,3,"," 2,4,","2022/9/11 下午12:47:19","2022/9/11 下午12:48:05","00:00:46","50","2"
"286","1","2020213241","B,D,C,D"," 1,3,4,"," 2,","2022/9/11 下午1:48:55","2022/9/11 下午1:57:06","00:08:10","75","3"
"287","4","2020213335","A,B,B,C"," 1,2,3,4,"," ","2022/9/11 下午2:01:07","2022/9/11 下午2:01:17","00:00:09","100","4"
"288","2","2020213241","A,B,B,C"," 1,2,3,4,"," ","2022/9/11 下午2:00:38","2022/9/11 下午2:03:53","00:03:15","100","4"
"289","3","2020213241","D,D,B,D"," 1,2,4,"," 3,","2022/9/11 下午2:10:36","2022/9/11 下午2:13:37","00:03:00","75","3"
"290","1","2020213352","B,C,A,D"," 1,2,4,"," 3,","2022/9/11 14:19:25","2022/9/11 14:20:25","00:00:59","75","3"
"291","2","2020213352","A,B,B,C"," 1,2,3,4,"," ","2022/9/11 14:27:02","2022/9/11 14:27:29","00:00:27","100","4"
"292","5","2020213335","D,C,D,B"," 1,2,3,4,"," ","2022/9/11 下午2:34:19","2022/9/11 下午2:36:26","00:02:07","100","4"
"293","3","2020213352","D,D,A,D"," 1,2,3,4,"," ","2022/9/11 14:36:30","2022/9/11 14:36:50","00:00:20","100","4"
"294","1","2020213327","B,D,C,A"," 1,3,"," 2,4,","2022/9/11 下午2:41:37","2022/9/11 下午2:50:13","00:08:36","50","2"
"295","4","2020213352","A,B,A,C"," 1,2,4,"," 3,","2022/9/11 14:58:35","2022/9/11 15:00:14","00:01:39","75","3"
"297","2","2020213327","A,B,D,A"," 1,2,"," 3,4,","2022/9/11 下午3:05:13","2022/9/11 下午3:06:55","00:01:42","50","2"
"298","3","2020213342","D,D,A,D"," 1,2,3,4,"," ","2022/9/11 15:17:53","2022/9/11 15:21:34","00:03:40","100","4"
"299","3","2020213327","D,D,A,D"," 1,2,3,4,"," ","2022/9/11 下午3:18:09","2022/9/11 下午3:23:44","00:05:35","100","4"
"300","5","2020213352","D,C,D,B"," 1,2,3,4,"," ","2022/9/11 15:21:39","2022/9/11 15:25:58","00:04:19","100","4"
"301","1","2020213308","B,C,C,D"," 1,2,3,4,"," ","2022/9/11 下午3:31:36","2022/9/11 下午3:33:29","00:01:52","100","4"
"302","4","2020213342","A,B,B,C"," 1,2,3,4,"," ","2022/9/11 15:29:01","2022/9/11 15:33:50","00:04:49","100","4"
"303","4","2020213241","A,B,B,C"," 1,2,3,4,"," ","2022/9/11 下午3:32:22","2022/9/11 下午3:34:06","00:01:43","100","4"
"304","1","2020213329","B,D,C,C"," 1,3,"," 2,4,","2022/9/11 15:32:07","2022/9/11 15:35:12","00:03:05","50","2"
"305","4","2020213327","B,A,B,C"," 3,4,"," 1,2,","2022/9/11 下午3:33:00","2022/9/11 下午3:38:53","00:05:52","50","2"
"306","1","2020213354","B,C,C,D"," 1,2,3,4,"," ","2022/9/11 15:39:36","2022/9/11 15:40:42","00:01:06","100","4"
"307","5","2020213241","D,C,D,B"," 1,2,3,4,"," ","2022/9/11 下午3:39:37","2022/9/11 下午3:42:11","00:02:33","100","4"
"308","1","2020213375","B,C,C,A"," 1,2,3,"," 4,","2022/9/11 下午3:39:51","2022/9/11 下午3:44:20","00:04:28","75","3"
"309","1","2020213344","B,D,C,D"," 1,3,4,"," 2,","2022/9/11 15:41:43","2022/9/11 15:46:48","00:05:04","75","3"
"310","2","2020213329","D,B,A,C"," 2,4,"," 1,3,","2022/9/11 15:40:34","2022/9/11 15:47:33","00:06:59","50","2"
"311","1","2020213380","B,D,C,D"," 1,3,4,"," 2,","2022/9/11 15:43:08","2022/9/11 15:48:51","00:05:42","75","3"
"312","2","2020213354","A,B,D,C"," 1,2,4,"," 3,","2022/9/11 15:53:48","2022/9/11 15:54:44","00:00:55","75","3"
"313","2","2020213375","A,B,B,C"," 1,2,3,4,"," ","2022/9/11 下午3:49:15","2022/9/11 下午3:54:20","00:05:04","100","4"
"314","5","2020213342","D,C,D,B"," 1,2,3,4,"," ","2022/9/11 15:47:27","2022/9/11 15:55:54","00:08:27","100","4"
"315","2","2020213308","A,B,B,C"," 1,2,3,4,"," ","2022/9/11 下午3:57:31","2022/9/11 下午3:58:15","00:00:44","100","4"
"316","5","2020213327","D,C,D,B"," 1,2,3,4,"," ","2022/9/11 下午3:53:41","2022/9/11 下午3:56:31","00:02:49","100","4"
"317","1","2020213342","B,C,C,D"," 1,2,3,4,"," ","2022/9/11 15:56:28","2022/9/11 15:57:18","00:00:49","100","4"
"318","2","2020213342","A,B,B,C"," 1,2,3,4,"," ","2022/9/11 15:57:46","2022/9/11 15:58:14","00:00:27","100","4"
"319","1","2020213343","B,C,C,D"," 1,2,3,4,"," ","2022/9/11 15:59:01","2022/9/11 16:00:00","00:00:58","100","4"
"320","3","2020213329","D,D,A,C"," 1,2,3,"," 4,","2022/9/11 15:55:10","2022/9/11 16:00:11","00:05:00","75","3"
"321","2","2020213380","A,B,B,A"," 1,2,3,"," 4,","2022/9/11 15:57:12","2022/9/11 16:02:31","00:04:01","75","3"
"322","1","2020213320","B,C,C,D"," 1,2,3,4,"," ","2022/9/11 15:59:32","2022/9/11 16:03:36","00:04:04","100","4"
"323","3","2020213375","D,D,A,B"," 1,2,3,"," 4,","2022/9/11 下午4:03:12","2022/9/11 下午4:06:43","00:03:31","75","3"
"324","2","2020213344","D,B,D,C"," 2,4,"," 1,3,","2022/9/11 15:57:13","2022/9/11 16:08:03","00:10:49","50","2"
"325","1","2020214470","B,C,C,D"," 1,2,3,4,"," ","2022/9/11 16:08:12","2022/9/11 16:08:33","00:00:20","100","4"
"326","2","2020213320","A,B,B,C"," 1,2,3,4,"," ","2022/9/11 16:09:07","2022/9/11 16:10:30","00:01:23","100","4"
"327","4","2020213329","B,A,B,C"," 3,4,"," 1,2,","2022/9/11 16:05:51","2022/9/11 16:11:46","00:05:54","50","2"
"328","3","2020213354","D,D,A,D"," 1,2,3,4,"," ","2022/9/11 16:10:45","2022/9/11 16:14:35","00:03:18","100","4"
"329","1","2020213345","B,C,C,D"," 1,2,3,4,"," ","2022/9/11 16:12:05","2022/9/11 16:16:11","00:04:06","100","4"
"330","3","2020213380","D,D,A,D"," 1,2,3,4,"," ","2022/9/11 16:12:39","2022/9/11 16:20:14","00:07:35","100","4"
"331","3","2020213344","B,A,A,C"," 3,"," 1,2,4,","2022/9/11 16:14:30","2022/9/11 16:20:46","00:06:16","25","1"
"332","3","2020213308","D,D,A,D"," 1,2,3,4,"," ","2022/9/11 下午4:22:58","2022/9/11 下午4:25:26","00:02:27","100","4"
"333","3","2020213320","D,D,A,C"," 1,2,3,"," 4,","2022/9/11 16:24:31","2022/9/11 16:25:31","00:01:00","75","3"
"334","2","2020213345","A,B,D,C"," 1,2,4,"," 3,","2022/9/11 16:21:31","2022/9/11 16:26:15","00:04:43","75","3"
"335","4","2020213354","A,B,B,C"," 1,2,3,4,"," ","2022/9/11 16:26:42","2022/9/11 16:27:04","00:00:21","100","4"
"336","5","2020213329","D,C,D,B"," 1,2,3,4,"," ","2022/9/11 16:22:17","2022/9/11 16:28:51","00:06:34","100","4"
"337","4","2020213380","A,B,B,C"," 1,2,3,4,"," ","2022/9/11 16:33:49","2022/9/11 16:34:51","00:01:02","100","4"
"338","4","2020213320","B,A,B,C"," 3,4,"," 1,2,","2022/9/11 16:36:46","2022/9/11 16:37:06","00:00:20","50","2"
"339","4","2020213375","A,B,B,C"," 1,2,3,4,"," ","2022/9/11 下午4:34:25","2022/9/11 下午4:37:00","00:02:34","100","4"
"340","4","2020213344","A,B,B,C"," 1,2,3,4,"," ","2022/9/11 16:31:20","2022/9/11 16:38:19","00:06:58","100","4"
"341","3","2020213345","D,D,A,D"," 1,2,3,4,"," ","2022/9/11 16:33:54","2022/9/11 16:39:19","00:05:25","100","4"
"342","5","2020213354","D,C,D,B"," 1,2,3,4,"," ","2022/9/11 16:44:21","2022/9/11 16:45:10","00:00:49","100","4"
"343","3","2020213336","D,D,A,D"," 1,2,3,4,"," ","2022/9/11 16:44:34","2022/9/11 16:47:03","00:02:29","100","4"
"344","5","2020213375","D,A,D,B"," 1,3,4,"," 2,","2022/9/11 下午4:42:34","2022/9/11 下午4:49:11","00:06:36","75","3"
"345","2","2020214470","A,B,B,C"," 1,2,3,4,"," ","2022/9/11 16:49:10","2022/9/11 16:50:02","00:00:52","100","4"
"346","4","2020213345","C,B,B,C"," 2,3,4,"," 1,","2022/9/11 16:44:47","2022/9/11 16:50:59","00:06:12","75","3"
"347","5","2020213344","D,C,D,B"," 1,2,3,4,"," ","2022/9/11 16:48:31","2022/9/11 16:53:21","00:04:50","100","4"
"348","5","2020213380","D,C,D,B"," 1,2,3,4,"," ","2022/9/11 16:49:47","2022/9/11 16:53:30","00:03:43","100","4"
"349","5","2020213320","D,C,D,B"," 1,2,3,4,"," ","2022/9/11 16:50:29","2022/9/11 16:53:46","00:03:17","100","4"
"350","4","2020213308","A,B,A,C"," 1,2,4,"," 3,","2022/9/11 下午4:56:21","2022/9/11 下午4:58:55","00:02:33","75","3"
"351","3","2020213322","D,D,A,D"," 1,2,3,4,"," ","2022/9/11 16:54:44","2022/9/11 17:03:40","00:08:49","100","4"
"352","4","2020213336","A,B,B,C"," 1,2,3,4,"," ","2022/9/11 17:07:44","2022/9/11 17:08:54","00:01:09","100","4"
"353","5","2020213345","D,C,D,B"," 1,2,3,4,"," ","2022/9/11 17:02:00","2022/9/11 17:09:17","00:07:17","100","4"
"354","5","2020213308","D,C,D,B"," 1,2,3,4,"," ","2022/9/11 下午5:37:13","2022/9/11 下午5:38:21","00:01:07","100","4"
"355","1","2020213392","B,C,C,D"," 1,2,3,4,"," ","2022/9/11 19:15:32","2022/9/11 19:25:57","00:10:24","100","4"
"356","2","2020213392","D,B,B,C"," 2,3,4,"," 1,","2022/9/11 19:33:00","2022/9/11 19:36:27","00:03:26","75","3"
"357","1","2020213323","B,C,C,D"," 1,2,3,4,"," ","2022/9/11 19:35:43","2022/9/11 19:36:46","00:01:02","100","4"
"358","2","2020213323","A,B,B,A"," 1,2,3,"," 4,","2022/9/11 19:42:34","2022/9/11 19:43:16","00:00:41","75","3"
"359","3","2020213392","D,D,B,D"," 1,2,4,"," 3,","2022/9/11 19:43:53","2022/9/11 19:53:10","00:09:16","75","3"
"360","2","2020213313","A,B,B,C"," 1,2,3,4,"," ","2022/9/11 20:02:21","2022/9/11 20:02:30","00:00:09","100","4"
"361","3","2020213323","D,D,A,D"," 1,2,3,4,"," ","2022/9/11 19:55:35","2022/9/11 20:04:42","00:09:07","100","4"
"362","4","2020213392","A,B,B,C"," 1,2,3,4,"," ","2022/9/11 19:59:13","2022/9/11 20:08:27","00:09:14","100","4"
"363","1","2020213348","B,C,C,D"," 1,2,3,4,"," ","2022/9/11 20:11:28","2022/9/11 20:12:18","00:00:50","100","4"
"364","4","2020213323","A,B,B,C"," 1,2,3,4,"," ","2022/9/11 20:14:13","2022/9/11 20:16:40","00:02:27","100","4"
"365","5","2020213392","D,C,D,B"," 1,2,3,4,"," ","2022/9/11 20:15:19","2022/9/11 20:17:26","00:02:06","100","4"
"366","4","2020213322","B,A,B,C"," 3,4,"," 1,2,","2022/9/11 20:20:07","2022/9/11 20:21:17","00:01:09","50","2"
"367","1","2020213336","B,C,C,D"," 1,2,3,4,"," ","2022/9/11 20:23:29","2022/9/11 20:24:40","00:01:10","100","4"
"368","5","2020213323","D,C,D,B"," 1,2,3,4,"," ","2022/9/11 20:27:07","2022/9/11 20:27:35","00:00:28","100","4"
"369","2","2020213336","D,B,B,A"," 2,3,"," 1,4,","2022/9/11 20:25:19","2022/9/11 20:28:10","00:02:50","50","2"
"370","2","2020213348","A,B,B,C"," 1,2,3,4,"," ","2022/9/11 20:30:52","2022/9/11 20:31:30","00:00:37","100","4"
"371","1","2020213337","B,C,C,D"," 1,2,3,4,"," ","2022/9/11 20:32:50","2022/9/11 20:34:57","00:01:34","100","4"
"372","5","2020213322","D,C,D,B"," 1,2,3,4,"," ","2022/9/11 20:33:46","2022/9/11 20:35:42","00:01:53","100","4"
"373","1","2020213312","B,C,C,D"," 1,2,3,4,"," ","2022/9/11 20:39:19","2022/9/11 20:41:15","00:01:56","100","4"
"374","2","2020213337","A,B,B,C"," 1,2,3,4,"," ","2022/9/11 20:43:35","2022/9/11 20:44:53","00:01:17","100","4"
"375","3","2020213337","D,D,A,C"," 1,2,3,"," 4,","2022/9/11 20:52:31","2022/9/11 20:56:06","00:03:35","75","3"
"376","5","2020213336","D,C,D,B"," 1,2,3,4,"," ","2022/9/11 21:10:43","2022/9/11 21:11:28","00:00:44","100","4"
"377","1","2020213369","B,C,C,C"," 1,2,3,"," 4,","2022/9/11 下午9:09:01","2022/9/11 下午9:12:48","00:03:47","75","3"
"378","2","2020213369","D,B,B,C"," 2,3,4,"," 1,","2022/9/11 下午9:18:11","2022/9/11 下午9:21:13","00:03:02","75","3"
"379","4","2020213337","A,B,B,C"," 1,2,3,4,"," ","2022/9/11 21:21:27","2022/9/11 21:24:36","00:03:08","100","4"
"380","3","2020213348","D,D,B,D"," 1,2,4,"," 3,","2022/9/11 21:12:00","2022/9/11 21:25:43","00:12:14","75","3"
"381","1","2020213328","B,C,C,D"," 1,2,3,4,"," ","2022/9/11 21:22:57","2022/9/11 21:32:45","00:09:48","100","4"
"382","5","2020213337","D,C,D,B"," 1,2,3,4,"," ","2022/9/11 21:37:18","2022/9/11 21:37:35","00:00:17","100","4"
"383","3","2020213369","D,D,A,C"," 1,2,3,"," 4,","2022/9/11 下午9:33:37","2022/9/11 下午9:38:36","00:04:59","75","3"
"384","2","2020213312","A,B,B,C"," 1,2,3,4,"," ","2022/9/11 21:41:36","2022/9/11 21:42:36","00:00:59","100","4"
"385","4","2020213369","A,B,A,C"," 1,2,4,"," 3,","2022/9/11 下午9:49:17","2022/9/11 下午9:52:26","00:03:09","75","3"
"386","2","2020213328","D,B,D,C"," 2,4,"," 1,3,","2022/9/11 21:51:50","2022/9/11 21:56:23","00:04:33","50","2"
"387","4","2020213348","A,B,B,C"," 1,2,3,4,"," ","2022/9/11 22:02:02","2022/9/11 22:02:45","00:00:43","100","4"
"388","5","2020213369","D,C,D,B"," 1,2,3,4,"," ","2022/9/11 下午10:05:08","2022/9/11 下午10:06:28","00:01:17","100","4"
"389","5","2020213348","D,C,D,B"," 1,2,3,4,"," ","2022/9/11 22:21:18","2022/9/11 22:21:38","00:00:19","100","4"
"390","2","2020213343","A,B,B,C"," 1,2,3,4,"," ","2022/9/11 22:25:31","2022/9/11 22:25:40","00:00:08","100","4"
"391","3","2020213312","D,D,A,D"," 1,2,3,4,"," ","2022/9/11 22:32:23","2022/9/11 22:33:23","00:00:59","100","4"
"392","3","2020213328","D,D,A,D"," 1,2,3,4,"," ","2022/9/11 22:31:22","2022/9/11 22:38:00","00:06:37","100","4"
"393","4","2020213328","A,B,B,C"," 1,2,3,4,"," ","2022/9/11 22:42:54","2022/9/11 22:44:37","00:01:43","100","4"
"394","4","2020213312","A,B,B,C"," 1,2,3,4,"," ","2022/9/11 22:45:20","2022/9/11 22:45:25","00:00:05","100","4"
"395","5","2020213328","D,C,A,D"," 1,2,"," 3,4,","2022/9/11 22:51:58","2022/9/11 22:53:10","00:01:11","50","2"
"396","5","2020213312","D,C,D,B"," 1,2,3,4,"," ","2022/9/11 22:58:34","2022/9/11 22:58:40","00:00:06","100","4"
"397","3","2020213343","D,D,A,B"," 1,2,3,"," 4,","2022/9/11 23:06:30","2022/9/11 23:08:44","00:02:14","75","3"
"398","1","2020213330","B,A,B,C"," 1,"," 2,3,4,","2022/9/11 23:08:48","2022/9/11 23:09:58","00:01:09","25","1"
"399","2","2020213330","A,B,D,C"," 1,2,4,"," 3,","2022/9/11 23:13:45","2022/9/11 23:15:31","00:01:46","75","3"
"400","3","2020214470","D,D,A,D"," 1,2,3,4,"," ","2022/9/11 23:13:21","2022/9/11 23:16:52","00:03:28","100","4"
"401","4","2020213343","B,A,B,C"," 3,4,"," 1,2,","2022/9/11 23:18:45","2022/9/11 23:20:31","00:01:45","50","2"
"402","3","2020213330","D,D,B,D"," 1,2,4,"," 3,","2022/9/11 23:28:04","2022/9/11 23:31:16","00:03:12","75","3"
"403","5","2020213343","D,C,D,B"," 1,2,3,4,"," ","2022/9/11 23:38:44","2022/9/11 23:42:06","00:03:22","100","4"
"404","3","2020213313","D,D,B,D"," 1,2,4,"," 3,","2022/9/11 23:39:29","2022/9/11 23:42:34","00:03:04","75","3"
"405","4","2020214470","B,A,B,C"," 3,4,"," 1,2,","2022/9/11 23:40:22","2022/9/11 23:42:56","00:02:32","50","2"
"406","4","2020213330","B,A,B,C"," 3,4,"," 1,2,","2022/9/11 23:43:47","2022/9/11 23:44:19","00:00:31","50","2"
"407","4","2020213313","B,A,B,D"," 3,"," 1,2,4,","2022/9/11 23:48:12","2022/9/11 23:51:08","00:02:56","25","1"
"408","5","2020214470","D,C,D,B"," 1,2,3,4,"," ","2022/9/11 23:52:25","2022/9/11 23:53:16","00:00:49","100","4"
"409","5","2020213313","D,C,D,B"," 1,2,3,4,"," ","2022/9/11 23:52:49","2022/9/11 23:58:04","00:05:15","100","4"
"410","5","2020213330","D,C,C,B"," 1,2,4,"," 3,","2022/9/11 23:58:40","2022/9/12 00:00:08","00:01:28","75","3"
"411","1","2020213341","B,C,C,D"," 1,2,3,4,"," ","2022/9/12 00:09:29","2022/9/12 00:13:50","00:04:10","100","4"
"412","1","2020213326","B,C,C,D"," 1,2,3,4,"," ","2022/9/12 09:06:02","2022/9/12 09:09:47","00:03:45","100","4"
"413","2","2020213326","A,B,B,C"," 1,2,3,4,"," ","2022/9/12 09:15:53","2022/9/12 09:23:02","00:07:08","100","4"
"414","3","2020213326","D,D,A,D"," 1,2,3,4,"," ","2022/9/12 09:30:12","2022/9/12 09:39:14","00:09:02","100","4"
"415","2","2020213338","A,B,B,C"," 1,2,3,4,"," ","2022/9/12 09:44:09","2022/9/12 09:44:57","00:00:48","100","4"
"416","2","2020213341","A,B,B,C"," 1,2,3,4,"," ","2022/9/12 10:36:24","2022/9/12 10:36:37","00:00:12","100","4"
"417","1","2020213347","B,C,C,D"," 1,2,3,4,"," ","2022/9/12 10:40:22","2022/9/12 10:41:41","00:01:19","100","4"
"418","2","2020213347","A,B,B,A"," 1,2,3,"," 4,","2022/9/12 11:07:59","2022/9/12 11:09:22","00:01:23","75","3"
"419","1","2020213316","B,C,C,D"," 1,2,3,4,"," ","2022/9/12 11:31:44","2022/9/12 11:33:23","00:01:39","100","4"
"420","3","2020213347","D,D,A,C"," 1,2,3,"," 4,","2022/9/12 11:36:45","2022/9/12 11:40:31","00:03:46","75","3"
"421","4","2020213347","A,B,B,C"," 1,2,3,4,"," ","2022/9/12 12:21:44","2022/9/12 12:22:48","00:01:03","100","4"
"422","1","2020213318","B,C,C,D"," 1,2,3,4,"," ","2022/9/12 12:37:15","2022/9/12 12:39:29","00:02:13","100","4"
"423","3","2020213341","D,D,B,D"," 1,2,4,"," 3,","2022/9/12 12:43:20","2022/9/12 12:46:31","00:03:05","75","3"
"424","5","2020213347","D,C,C,C"," 1,2,"," 3,4,","2022/9/12 12:46:28","2022/9/12 12:48:30","00:02:01","50","2"
"425","4","2020213326","B,A,A,D"," "," 1,2,3,4,","2022/9/12 12:50:10","2022/9/12 12:54:41","00:04:30","0","0"
"426","2","2020213318","C,B,B,A"," 2,3,"," 1,4,","2022/9/12 13:12:02","2022/9/12 13:13:44","00:01:42","50","2"
"427","3","2020213318","D,D,A,C"," 1,2,3,"," 4,","2022/9/12 13:21:42","2022/9/12 13:24:26","00:02:44","75","3"
"428","4","2020213341","A,B,B,C"," 1,2,3,4,"," ","2022/9/12 13:24:43","2022/9/12 13:25:02","00:00:17","100","4"
"429","5","2020213341","D,C,D,B"," 1,2,3,4,"," ","2022/9/12 13:27:37","2022/9/12 13:30:00","00:02:18","100","4"
"430","4","2020213318","A,B,B,C"," 1,2,3,4,"," ","2022/9/12 13:31:18","2022/9/12 13:32:00","00:00:42","100","4"
"431","5","2020213318","D,C,D,B"," 1,2,3,4,"," ","2022/9/12 13:41:44","2022/9/12 13:43:54","00:01:44","100","4"
"432","3","2020213338","D,D,A,D"," 1,2,3,4,"," ","2022/9/17 09:36:01","2022/9/17 09:37:24","00:01:23","100","4"
"433","4","2020213338","A,B,B,C"," 1,2,3,4,"," ","2022/9/17 09:55:36","2022/9/17 09:55:59","00:00:23","100","4"
"434","5","2020213338","D,C,D,B"," 1,2,3,4,"," ","2022/9/17 10:20:23","2022/9/17 10:21:41","00:01:18","100","4"
"435","2","2020213316","D,B,A,C"," 2,4,"," 1,3,","2022/9/19 09:09:21","2022/9/19 09:17:54","00:08:33","50","2"
"436","5","2020213326","D,C,D,B"," 1,2,3,4,"," ","2022/9/25 23:47:40","2022/9/25 23:52:57","00:05:16","100","4"
"437","6","2020213342","B,C,B,A"," 1,2,3,4,"," ","2022/10/11 22:55:23","2022/10/11 22:59:24","00:04:00","100","4"
"438","7","2020213342","B,C,D,B"," 1,2,3,4,"," ","2022/10/11 23:08:38","2022/10/11 23:13:56","00:05:17","100","4"
"439","8","2020213342","B,A,C,D"," 2,3,4,"," 1,","2022/10/12 14:48:47","2022/10/12 14:52:40","00:03:53","75","3"
"440","6","2020213312","B,C,B,A"," 1,2,3,4,"," ","2022/10/14 11:03:03","2022/10/14 11:07:05","00:04:02","100","4"
"441","7","2020213312","B,B,C,A"," 1,"," 2,3,4,","2022/10/14 11:28:30","2022/10/14 11:31:25","00:02:55","25","1"
"442","8","2020213312","A,A,C,D"," 1,2,3,4,"," ","2022/10/14 11:45:37","2022/10/14 11:46:35","00:00:57","100","4"
"443","6","2020213327","B,D,B,A"," 1,3,4,"," 2,","2022/10/29 上午10:55:01","2022/10/29 上午10:57:20","00:02:19","75","3"
"444","7","2020213327","B,B,D,B"," 1,3,4,"," 2,","2022/10/29 上午11:25:17","2022/10/29 上午11:36:20","00:11:03","75","3"
"445","6","2020213344","B,C,B,A"," 1,2,3,4,"," ","2022/10/29 15:15:42","2022/10/29 15:24:41","00:08:58","100","4"
"446","7","2020213344","B,B,D,A"," 1,3,"," 2,4,","2022/10/29 15:36:45","2022/10/29 15:47:13","00:10:27","50","2"
"447","8","2020213344","A,A,C,D"," 1,2,3,4,"," ","2022/10/29 15:56:33","2022/10/29 16:02:02","00:05:28","100","4"
"448","9","2020213344","B,A,C,C"," 1,2,3,"," 4,","2022/10/29 16:12:37","2022/10/29 16:15:31","00:02:53","75","3"
"449","6","2020213355","B,C,B,A"," 1,2,3,4,"," ","2022/10/29 下午4:46:21","2022/10/29 下午4:55:16","00:08:54","100","4"
"450","6","2020213353","B,C,B,A"," 1,2,3,4,"," ","2022/10/29 下午4:50:28","2022/10/29 下午4:55:51","00:05:23","100","4"
"451","7","2020213353","B,C,A,D"," 1,2,"," 3,4,","2022/10/29 下午5:11:41","2022/10/29 下午5:17:20","00:05:39","50","2"
"452","7","2020213355","B,C,D,B"," 1,2,3,4,"," ","2022/10/29 下午5:07:14","2022/10/29 下午5:17:08","00:09:53","100","4"
"453","8","2020213355","B,A,C,D"," 2,3,4,"," 1,","2022/10/29 下午5:17:54","2022/10/29 下午5:23:07","00:05:12","75","3"
"454","8","2020213353","A,A,C,D"," 1,2,3,4,"," ","2022/10/29 下午5:23:51","2022/10/29 下午5:24:08","00:00:16","100","4"
"455","9","2020213353","B,A,C,A"," 1,2,3,"," 4,","2022/10/29 下午5:24:33","2022/10/29 下午5:33:14","00:08:40","75","3"
"456","9","2020213355","B,A,C,D"," 1,2,3,4,"," ","2022/10/29 下午5:32:55","2022/10/29 下午5:33:02","00:00:07","100","4"
"457","6","2020213323","B,C,B,A"," 1,2,3,4,"," ","2022/10/29 17:32:32","2022/10/29 17:33:41","00:01:08","100","4"
"458","7","2020213323","B,C,D,D"," 1,2,3,"," 4,","2022/10/29 17:41:56","2022/10/29 17:42:19","00:00:22","75","3"
"459","10","2020213355","C,C,A,D"," 1,2,3,"," 4,","2022/10/29 下午5:33:25","2022/10/29 下午5:46:46","00:13:21","75","3"
"460","10","2020213353","C,C,A,C"," 1,2,3,4,"," ","2022/10/29 下午5:44:27","2022/10/29 下午5:47:46","00:03:18","100","4"
"461","8","2020213323","A,A,B,D"," 1,2,4,"," 3,","2022/10/29 17:50:24","2022/10/29 17:50:59","00:00:34","75","3"
"462","11","2020213353","D,C,A,C"," 1,2,3,4,"," ","2022/10/29 下午6:27:17","2022/10/29 下午6:27:31","00:00:13","100","4"
"463","11","2020213355","D,C,A,C"," 1,2,3,4,"," ","2022/10/29 下午6:26:36","2022/10/29 下午6:27:05","00:00:29","100","4"
"464","12","2020213355","C,A,D,D"," 1,2,3,4,"," ","2022/10/29 下午6:28:20","2022/10/29 下午6:32:15","00:03:54","100","4"
"465","12","2020213353","C,A,D,D"," 1,2,3,4,"," ","2022/10/29 下午6:33:07","2022/10/29 下午6:33:15","00:00:08","100","4"
"466","13","2020213353","C,C,A,D"," 1,2,3,4,"," ","2022/10/29 下午6:33:34","2022/10/29 下午6:41:39","00:08:05","100","4"
"467","13","2020213355","C,C,A,D"," 1,2,3,4,"," ","2022/10/29 下午6:40:20","2022/10/29 下午6:41:12","00:00:51","100","4"
"468","14","2020213355","C,A,D,B"," 1,2,3,4,"," ","2022/10/29 下午6:44:05","2022/10/29 下午6:48:07","00:04:01","100","4"
"469","14","2020213353","C,A,D,B"," 1,2,3,4,"," ","2022/10/29 下午6:47:41","2022/10/29 下午6:48:45","00:01:04","100","4"
"470","9","2020213323","B,A,C,C"," 1,2,3,"," 4,","2022/10/29 19:50:17","2022/10/29 19:50:28","00:00:10","75","3"
"471","10","2020213323","C,C,A,D"," 1,2,3,"," 4,","2022/10/29 19:56:28","2022/10/29 19:58:37","00:02:08","75","3"
"472","6","2020213354","B,C,B,A"," 1,2,3,4,"," ","2022/10/30 13:02:25","2022/10/30 13:03:37","00:01:12","100","4"
"473","7","2020213354","B,C,D,B"," 1,2,3,4,"," ","2022/10/30 13:13:29","2022/10/30 13:14:26","00:00:56","100","4"
"474","8","2020213354","A,A,C,D"," 1,2,3,4,"," ","2022/10/30 13:26:34","2022/10/30 13:29:10","00:02:36","100","4"
"475","6","2020213308","B,C,B,A"," 1,2,3,4,"," ","2022/10/30 下午1:48:32","2022/10/30 下午1:50:34","00:02:01","100","4"
"476","7","2020213308","B,C,B,B"," 1,2,4,"," 3,","2022/10/30 下午1:59:06","2022/10/30 下午2:06:26","00:07:20","75","3"
"477","8","2020213308","B,A,C,D"," 2,3,4,"," 1,","2022/10/30 下午2:14:50","2022/10/30 下午2:17:44","00:02:54","75","3"
"478","9","2020213308","B,A,C,D"," 1,2,3,4,"," ","2022/10/30 下午2:27:24","2022/10/30 下午2:29:27","00:02:02","100","4"
"479","10","2020213308","B,C,A,D"," 2,3,"," 1,4,","2022/10/30 下午2:38:25","2022/10/30 下午2:41:08","00:02:43","50","2"
"480","11","2020213308","C,C,A,B"," 2,3,"," 1,4,","2022/10/30 下午2:55:35","2022/10/30 下午2:58:52","00:03:16","50","2"
"481","12","2020213308","C,A,D,D"," 1,2,3,4,"," ","2022/10/30 下午3:09:24","2022/10/30 下午3:11:20","00:01:55","100","4"
"482","13","2020213308","C,C,A,D"," 1,2,3,4,"," ","2022/10/30 下午3:35:46","2022/10/30 下午3:37:52","00:02:05","100","4"
"483","14","2020213308","C,A,D,B"," 1,2,3,4,"," ","2022/10/30 下午3:51:53","2022/10/30 下午3:52:43","00:00:49","100","4"
"484","6","2020213331","B,C,B,A"," 1,2,3,4,"," ","2022/10/30 下午5:35:30","2022/10/30 下午5:48:23","00:12:52","100","4"
"485","9","2020213354","B,A,C,D"," 1,2,3,4,"," ","2022/10/30 19:05:32","2022/10/30 19:06:54","00:01:22","100","4"
"486","9","2020213312","B,A,C,A"," 1,2,3,"," 4,","2022/10/30 19:08:54","2022/10/30 19:11:19","00:02:24","75","3"
"487","10","2020213354","C,C,A,C"," 1,2,3,4,"," ","2022/10/30 19:16:21","2022/10/30 19:17:57","00:01:36","100","4"
"488","10","2020213312","C,C,A,D"," 1,2,3,"," 4,","2022/10/30 19:16:39","2022/10/30 19:19:09","00:02:29","75","3"
"489","11","2020213312","C,C,A,B"," 2,3,"," 1,4,","2022/10/30 19:27:41","2022/10/30 19:28:29","00:00:48","50","2"
"490","11","2020213354","C,C,A,B"," 2,3,"," 1,4,","2022/10/30 19:44:56","2022/10/30 19:45:27","00:00:30","50","2"
"491","12","2020213312","C,A,D,D"," 1,2,3,4,"," ","2022/10/30 19:45:54","2022/10/30 19:47:49","00:01:55","100","4"
"492","12","2020213354","C,A,D,D"," 1,2,3,4,"," ","2022/10/30 20:00:55","2022/10/30 20:01:58","00:01:03","100","4"
"493","7","2020213338","B,C,D,B"," 1,2,3,4,"," ","2022/10/30 20:54:33","2022/10/30 20:56:00","00:01:26","100","4"
"494","6","2020213338","B,C,B,A"," 1,2,3,4,"," ","2022/10/30 20:56:58","2022/10/30 20:57:10","00:00:12","100","4"
"495","8","2020213338","A,A,C,C"," 1,2,3,"," 4,","2022/10/30 21:07:28","2022/10/30 21:08:09","00:00:40","75","3"
"496","9","2020213338","B,A,C,D"," 1,2,3,4,"," ","2022/10/30 21:17:05","2022/10/30 21:17:19","00:00:14","100","4"
"497","10","2020213338","C,C,A,D"," 1,2,3,"," 4,","2022/10/30 21:33:27","2022/10/30 21:35:34","00:02:06","75","3"
"498","7","2020213331","B,B,C,A"," 1,"," 2,3,4,","2022/10/30 下午9:40:29","2022/10/30 下午9:46:48","00:06:18","25","1"
"499","11","2020213338","D,C,A,B"," 1,2,3,"," 4,","2022/10/31 09:23:29","2022/10/31 09:23:48","00:00:19","75","3"
"500","9","2020213342","B,A,C,D"," 1,2,3,4,"," ","2022/10/31 09:40:27","2022/10/31 09:40:36","00:00:09","100","4"
"501","10","2020213342","C,C,A,C"," 1,2,3,4,"," ","2022/10/31 09:49:57","2022/10/31 09:51:23","00:01:26","100","4"
"502","8","2020213331","A,A,C,D"," 1,2,3,4,"," ","2022/10/31 上午10:55:54","2022/10/31 上午10:59:14","00:03:20","100","4"
"503","6","2020213347","B,D,B,A"," 1,3,4,"," 2,","2022/10/31 11:13:56","2022/10/31 11:14:47","00:00:50","75","3"
"504","8","2020213327","A,A,C,D"," 1,2,3,4,"," ","2022/10/31 上午11:10:51","2022/10/31 上午11:15:43","00:04:51","100","4"
"505","6","2020213380","B,C,B,A"," 1,2,3,4,"," ","2022/10/31 11:14:27","2022/10/31 11:19:10","00:04:43","100","4"
"506","9","2020213331","B,A,C,C"," 1,2,3,"," 4,","2022/10/31 上午11:22:34","2022/10/31 上午11:27:51","00:05:16","75","3"
"507","9","2020213327","B,A,C,D"," 1,2,3,4,"," ","2022/10/31 上午11:31:34","2022/10/31 上午11:34:39","00:03:05","100","4"
"508","7","2020213347","B,C,D,B"," 1,2,3,4,"," ","2022/10/31 11:36:53","2022/10/31 11:39:40","00:02:46","100","4"
"509","10","2020213331","C,C,A,D"," 1,2,3,"," 4,","2022/10/31 上午11:36:53","2022/10/31 上午11:50:45","00:13:50","75","3"
"510","10","2020213327","C,C,A,D"," 1,2,3,"," 4,","2022/10/31 上午11:44:21","2022/10/31 上午11:57:27","00:13:05","75","3"
"511","6","2020213313","B,C,B,A"," 1,2,3,4,"," ","2022/10/31 12:02:43","2022/10/31 12:05:48","00:03:05","100","4"
"512","7","2020213313","B,C,A,B"," 1,2,4,"," 3,","2022/10/31 12:10:23","2022/10/31 12:18:19","00:07:55","75","3"
"513","13","2020213342","C,C,A,D"," 1,2,3,4,"," ","2022/10/31 12:27:07","2022/10/31 12:27:13","00:00:05","100","4"
"514","8","2020213313","A,A,C,D"," 1,2,3,4,"," ","2022/10/31 12:27:24","2022/10/31 12:29:16","00:01:52","100","4"
"515","14","2020213342","C,A,D,B"," 1,2,3,4,"," ","2022/10/31 12:38:04","2022/10/31 12:44:15","00:06:11","100","4"
"516","9","2020213313","B,A,D,D"," 1,2,4,"," 3,","2022/10/31 12:47:00","2022/10/31 12:49:40","00:02:39","75","3"
"517","8","2020213347","A,A,C,D"," 1,2,3,4,"," ","2022/10/31 12:56:38","2022/10/31 12:57:34","00:00:56","100","4"
"518","11","2020213342","D,C,A,C"," 1,2,3,4,"," ","2022/10/31 12:59:55","2022/10/31 13:00:05","00:00:09","100","4"
"519","12","2020213342","C,A,D,D"," 1,2,3,4,"," ","2022/10/31 13:02:28","2022/10/31 13:02:33","00:00:05","100","4"
"520","11","2020213323","C,C,A,B"," 2,3,"," 1,4,","2022/10/31 14:05:11","2022/10/31 14:06:40","00:01:28","50","2"
"521","6","2020213392","B,C,B,A"," 1,2,3,4,"," ","2022/10/31 14:23:42","2022/10/31 14:30:37","00:06:54","100","4"
"522","10","2020213313","B,D,A,D"," 3,"," 1,2,4,","2022/10/31 14:29:01","2022/10/31 14:49:58","00:14:26","25","1"
"523","6","2020213335","B,C,B,A"," 1,2,3,4,"," ","2022/10/31 下午2:51:54","2022/10/31 下午2:53:06","00:01:11","100","4"
"524","7","2020213392","B,C,D,D"," 1,2,3,"," 4,","2022/10/31 14:40:53","2022/10/31 14:56:24","00:15:31","75","3"
"525","7","2020213380","B,C,A,A"," 1,2,"," 3,4,","2022/10/31 14:48:35","2022/10/31 14:57:44","00:09:08","50","2"
"526","7","2020213335","B,C,D,D"," 1,2,3,"," 4,","2022/10/31 下午3:02:41","2022/10/31 下午3:03:46","00:01:04","75","3"
"527","8","2020213335","A,A,C,B"," 1,2,3,"," 4,","2022/10/31 下午3:15:45","2022/10/31 下午3:18:32","00:02:47","75","3"
"528","11","2020213313","D,C,A,B"," 1,2,3,"," 4,","2022/10/31 15:27:41","2022/10/31 15:34:04","00:06:22","75","3"
"529","9","2020213335","B,A,C,C"," 1,2,3,"," 4,","2022/10/31 下午3:35:41","2022/10/31 下午3:38:10","00:02:28","75","3"
"530","12","2020213313","C,B,D,D"," 1,3,4,"," 2,","2022/10/31 16:03:31","2022/10/31 16:06:27","00:02:04","75","3"
"531","10","2020213335","C,C,A,D"," 1,2,3,"," 4,","2022/10/31 下午4:50:04","2022/10/31 下午4:52:58","00:02:54","75","3"
"532","6","2020213343","B,C,B,A"," 1,2,3,4,"," ","2022/10/31 16:51:11","2022/10/31 16:56:54","00:05:43","100","4"
"533","8","2020213380","A,A,C,D"," 1,2,3,4,"," ","2022/10/31 17:03:14","2022/10/31 17:08:18","00:05:03","100","4"
"534","9","2020213380","B,A,C,D"," 1,2,3,4,"," ","2022/10/31 17:26:13","2022/10/31 17:27:51","00:01:38","100","4"
"535","11","2020213335","D,C,A,B"," 1,2,3,"," 4,","2022/10/31 下午6:35:02","2022/10/31 下午6:35:35","00:00:32","75","3"
"536","11","2020213331","D,C,A,B"," 1,2,3,"," 4,","2022/10/31 下午6:49:49","2022/10/31 下午6:54:44","00:04:55","75","3"
"537","6","2020214470","B,C,B,A"," 1,2,3,4,"," ","2022/11/1 11:02:45","2022/11/1 11:05:23","00:02:37","100","4"
"538","7","2020214470","B,A,D,A"," 1,3,"," 2,4,","2022/11/1 11:13:54","2022/11/1 11:24:51","00:10:57","50","2"
"539","8","2020214470","A,A,C,D"," 1,2,3,4,"," ","2022/11/1 11:29:43","2022/11/1 11:30:29","00:00:45","100","4"
"540","9","2020214470","B,A,C,D"," 1,2,3,4,"," ","2022/11/1 11:36:04","2022/11/1 11:38:12","00:02:07","100","4"
"541","9","2020213347","B,A,C,D"," 1,2,3,4,"," ","2022/11/1 14:13:20","2022/11/1 14:13:39","00:00:19","100","4"
"542","10","2020214470","C,C,C,C"," 1,2,4,"," 3,","2022/11/1 14:26:08","2022/11/1 14:32:06","00:05:58","75","3"
"543","12","2020213331","C,A,D,D"," 1,2,3,4,"," ","2022/11/1 下午2:34:58","2022/11/1 下午2:36:10","00:01:11","100","4"
"544","12","2020213335","C,A,D,D"," 1,2,3,4,"," ","2022/11/1 下午2:40:08","2022/11/1 下午2:40:44","00:00:36","100","4"
"545","13","2020213331","C,C,A,D"," 1,2,3,4,"," ","2022/11/1 下午3:10:38","2022/11/1 下午3:13:54","00:03:16","100","4"
"546","11","2020214470","C,C,A,B"," 2,3,"," 1,4,","2022/11/1 15:17:17","2022/11/1 15:17:56","00:00:39","50","2"
"547","10","2020213347","C,C,A,B"," 1,2,3,"," 4,","2022/11/1 15:22:42","2022/11/1 15:28:25","00:05:42","75","3"
"548","12","2020214470","C,A,D,D"," 1,2,3,4,"," ","2022/11/1 15:24:55","2022/11/1 15:29:08","00:04:12","100","4"
"549","14","2020213331","C,A,D,B"," 1,2,3,4,"," ","2022/11/1 下午3:31:03","2022/11/1 下午3:34:48","00:03:44","100","4"
"550","13","2020214470","C,C,B,D"," 1,2,4,"," 3,","2022/11/1 15:46:36","2022/11/1 15:46:58","00:00:21","75","3"
"551","14","2020214470","C,A,A,B"," 1,2,4,"," 3,","2022/11/1 15:55:26","2022/11/1 16:01:12","00:05:46","75","3"
"552","11","2020213347","C,C,A,B"," 2,3,"," 1,4,","2022/11/1 16:11:34","2022/11/1 16:12:10","00:00:35","50","2"
"553","12","2020213347","C,A,D,D"," 1,2,3,4,"," ","2022/11/1 16:31:25","2022/11/1 16:32:21","00:00:55","100","4"
"554","13","2020213347","C,C,A,D"," 1,2,3,4,"," ","2022/11/1 17:06:47","2022/11/1 17:08:42","00:01:55","100","4"
"555","6","2020213381","B,C,B,A"," 1,2,3,4,"," ","2022/11/1 19:22:37","2022/11/1 19:23:15","00:00:38","100","4"
"556","7","2020213381","D,A,D,B"," 3,4,"," 1,2,","2022/11/1 19:32:02","2022/11/1 19:32:41","00:00:38","50","2"
"557","8","2020213381","A,A,C,D"," 1,2,3,4,"," ","2022/11/1 19:43:00","2022/11/1 19:44:22","00:01:22","100","4"
"558","10","2020213381","C,C,C,C"," 1,2,4,"," 3,","2022/11/1 20:04:26","2022/11/1 20:09:30","00:05:03","75","3"
"559","6","2020213336","B,C,B,A"," 1,2,3,4,"," ","2022/11/1 22:19:23","2022/11/1 22:21:10","00:01:46","100","4"
"560","12","2020213323","C,A,D,D"," 1,2,3,4,"," ","2022/11/1 22:31:52","2022/11/1 22:33:23","00:01:31","100","4"
"561","7","2020213336","B,C,D,B"," 1,2,3,4,"," ","2022/11/1 22:39:09","2022/11/1 22:40:21","00:01:11","100","4"
"562","11","2020213381","D,C,A,B"," 1,2,3,"," 4,","2022/11/1 22:52:55","2022/11/1 22:53:56","00:01:00","75","3"
"563","12","2020213381","C,A,D,D"," 1,2,3,4,"," ","2022/11/1 23:04:00","2022/11/1 23:06:33","00:02:32","100","4"
"564","7","2020213343","B,C,D,B"," 1,2,3,4,"," ","2022/11/1 下午11:21:21","2022/11/1 下午11:23:26","00:02:04","100","4"
"565","8","2020213336","A,A,C,D"," 1,2,3,4,"," ","2022/11/1 23:23:40","2022/11/1 23:27:43","00:04:03","100","4"
"566","9","2020213336","B,A,A,D"," 1,2,4,"," 3,","2022/11/2 11:15:45","2022/11/2 11:17:17","00:01:32","75","3"
"567","8","2020213343","A,A,C,D"," 1,2,3,4,"," ","2022/11/2 15:16:49","2022/11/2 15:19:20","00:02:30","100","4"
"568","9","2020213343","B,A,A,A"," 1,2,"," 3,4,","2022/11/2 15:28:10","2022/11/2 15:30:59","00:02:49","50","2"
"569","10","2020213336","B,C,A,D"," 2,3,"," 1,4,","2022/11/2 21:36:41","2022/11/2 21:48:33","00:11:51","50","2"
"570","11","2020213336","D,C,A,C"," 1,2,3,4,"," ","2022/11/2 22:45:17","2022/11/2 22:45:26","00:00:09","100","4"
"571","12","2020213336","C,A,D,D"," 1,2,3,4,"," ","2022/11/2 23:19:18","2022/11/2 23:20:21","00:01:03","100","4"
"572","8","2020213392","A,A,C,D"," 1,2,3,4,"," ","2022/11/3 15:10:57","2022/11/3 15:16:54","00:05:56","100","4"
"573","9","2020213392","B,A,C,D"," 1,2,3,4,"," ","2022/11/3 15:33:09","2022/11/3 15:37:37","00:04:28","100","4"
"574","10","2020213380","C,C,A,D"," 1,2,3,"," 4,","2022/11/3 15:31:40","2022/11/3 15:39:00","00:07:20","75","3"
"575","10","2020213392","C,C,A,D"," 1,2,3,"," 4,","2022/11/3 15:49:58","2022/11/3 15:56:00","00:06:01","75","3"
"576","11","2020213380","D,C,A,B"," 1,2,3,"," 4,","2022/11/3 16:00:20","2022/11/3 16:02:17","00:01:56","75","3"
"577","11","2020213392","D,C,A,B"," 1,2,3,"," 4,","2022/11/3 16:44:01","2022/11/3 16:45:57","00:01:55","75","3"
"578","12","2020213392","C,A,D,D"," 1,2,3,4,"," ","2022/11/3 17:25:17","2022/11/3 17:27:28","00:02:10","100","4"
"579","13","2020213336","C,C,A,D"," 1,2,3,4,"," ","2022/11/4 11:15:52","2022/11/4 11:18:55","00:03:02","100","4"
"580","14","2020213336","C,A,D,B"," 1,2,3,4,"," ","2022/11/4 12:35:12","2022/11/4 12:41:23","00:06:10","100","4"
"581","6","2020213337","B,C,B,A"," 1,2,3,4,"," ","2022/11/4 15:44:21","2022/11/4 15:47:42","00:03:20","100","4"
"582","7","2020213337","B,C,D,D"," 1,2,3,"," 4,","2022/11/4 15:54:56","2022/11/4 16:02:00","00:07:03","75","3"
"583","8","2020213337","A,D,C,D"," 1,3,4,"," 2,","2022/11/4 16:06:32","2022/11/4 16:09:20","00:02:47","75","3"
"584","6","2020213348","B,C,B,A"," 1,2,3,4,"," ","2022/11/5 14:33:22","2022/11/5 14:35:30","00:01:59","100","4"
"585","9","2020213337","B,A,C,A"," 1,2,3,"," 4,","2022/11/5 16:04:43","2022/11/5 16:08:04","00:03:21","75","3"
"586","10","2020213337","B,C,A,D"," 2,3,"," 1,4,","2022/11/5 16:14:03","2022/11/5 16:22:18","00:08:15","50","2"
"587","11","2020213337","C,C,A,B"," 2,3,"," 1,4,","2022/11/5 16:35:18","2022/11/5 16:37:41","00:02:22","50","2"
"588","12","2020213337","C,A,D,D"," 1,2,3,4,"," ","2022/11/5 16:46:35","2022/11/5 16:48:04","00:01:28","100","4"
"589","7","2020213348","B,C,D,B"," 1,2,3,4,"," ","2022/11/5 19:56:56","2022/11/5 19:57:38","00:00:42","100","4"
"590","8","2020213348","A,A,C,D"," 1,2,3,4,"," ","2022/11/5 20:06:10","2022/11/5 20:07:24","00:01:14","100","4"
"591","9","2020213348","B,A,C,D"," 1,2,3,4,"," ","2022/11/5 20:18:43","2022/11/5 20:24:17","00:05:26","100","4"
"592","6","2020213352","A,D,B,A"," 3,4,"," 1,2,","2022/11/5 下午8:20:43","2022/11/5 下午8:27:09","00:06:26","50","2"
"593","7","2020213352","B,C,B,B"," 1,2,4,"," 3,","2022/11/5 下午8:36:36","2022/11/5 下午8:40:18","00:03:42","75","3"
"594","8","2020213352","A,A,C,D"," 1,2,3,4,"," ","2022/11/5 下午8:50:18","2022/11/5 下午8:56:48","00:06:30","100","4"
"595","6","2020213322","B,C,B,A"," 1,2,3,4,"," ","2022/11/6 11:08:32","2022/11/6 11:10:09","00:01:36","100","4"
"596","7","2020213322","B,C,D,B"," 1,2,3,4,"," ","2022/11/6 11:14:33","2022/11/6 11:20:48","00:06:12","100","4"
"597","8","2020213322","A,A,C,D"," 1,2,3,4,"," ","2022/11/6 11:24:56","2022/11/6 11:29:28","00:04:28","100","4"
"598","9","2020213322","B,A,C,C"," 1,2,3,"," 4,","2022/11/6 11:33:59","2022/11/6 11:35:37","00:01:36","75","3"
"599","10","2020213322","C,D,A,D"," 1,3,"," 2,4,","2022/11/6 14:17:19","2022/11/6 14:18:19","00:00:59","50","2"
"600","12","2020213380","C,A,D,D"," 1,2,3,4,"," ","2022/11/6 14:59:16","2022/11/6 15:01:09","00:01:52","100","4"
"601","11","2020213322","D,C,A,B"," 1,2,3,"," 4,","2022/11/6 15:02:36","2022/11/6 15:03:29","00:00:51","75","3"
"602","13","2020213380","C,C,A,D"," 1,2,3,4,"," ","2022/11/6 15:22:05","2022/11/6 15:24:35","00:02:29","100","4"
"603","10","2020213348","C,C,C,D"," 1,2,"," 3,4,","2022/11/6 15:24:37","2022/11/6 15:25:46","00:01:08","50","2"
"604","13","2020213335","C,C,A,D"," 1,2,3,4,"," ","2022/11/6 下午3:28:47","2022/11/6 下午3:30:29","00:01:41","100","4"
"605","14","2020213335","C,A,D,B"," 1,2,3,4,"," ","2022/11/6 下午3:41:03","2022/11/6 下午3:43:16","00:02:13","100","4"
"606","11","2020213348","D,C,A,B"," 1,2,3,"," 4,","2022/11/6 19:10:33","2022/11/6 19:11:02","00:00:28","75","3"
"607","6","2020213369","B,C,B,A"," 1,2,3,4,"," ","2022/11/6 下午7:37:38","2022/11/6 下午7:40:06","00:02:27","100","4"
"608","12","2020213348","C,A,D,D"," 1,2,3,4,"," ","2022/11/6 19:52:28","2022/11/6 19:53:14","00:00:46","100","4"
"609","7","2020213369","B,B,D,A"," 1,3,"," 2,4,","2022/11/6 下午7:48:41","2022/11/6 下午7:53:36","00:04:54","50","2"
"610","11","2020213327","D,C,A,B"," 1,2,3,"," 4,","2022/11/6 下午7:56:02","2022/11/6 下午7:58:21","00:02:18","75","3"
"611","8","2020213369","A,A,C,C"," 1,2,3,"," 4,","2022/11/6 下午8:06:21","2022/11/6 下午8:08:54","00:02:33","75","3"
"612","12","2020213327","C,A,D,D"," 1,2,3,4,"," ","2022/11/6 下午8:08:43","2022/11/6 下午8:09:58","00:01:15","100","4"
"613","9","2020213369","B,A,A,A"," 1,2,"," 3,4,","2022/11/6 下午8:17:43","2022/11/6 下午8:19:10","00:01:26","50","2"
"614","13","2020213327","C,C,A,D"," 1,2,3,4,"," ","2022/11/6 下午8:17:04","2022/11/6 下午8:19:31","00:02:26","100","4"
"615","10","2020213369","B,C,D,D"," 2,"," 1,3,4,","2022/11/6 下午8:20:41","2022/11/6 下午8:25:33","00:04:52","25","1"
"616","14","2020213327","C,A,D,B"," 1,2,3,4,"," ","2022/11/6 下午8:28:28","2022/11/6 下午8:29:39","00:01:10","100","4"
"617","11","2020213369","D,C,A,C"," 1,2,3,4,"," ","2022/11/6 下午9:30:37","2022/11/6 下午9:32:47","00:02:09","100","4"
"618","12","2020213322","C,A,C,D"," 1,2,4,"," 3,","2022/11/6 21:14:20","2022/11/6 21:35:59","00:21:24","75","3"
"619","12","2020213369","C,A,D,A"," 1,2,3,"," 4,","2022/11/6 下午9:55:46","2022/11/6 下午9:57:09","00:01:23","75","3"
"620","13","2020213369","C,C,C,B"," 1,2,"," 3,4,","2022/11/6 下午10:41:31","2022/11/6 下午10:43:55","00:02:24","50","2"
"621","13","2020213323","C,C,A,D"," 1,2,3,4,"," ","2022/11/7 12:33:30","2022/11/7 12:34:00","00:00:29","100","4"
"622","14","2020213323","C,C,D,B"," 1,3,4,"," 2,","2022/11/7 12:39:35","2022/11/7 12:40:10","00:00:35","75","3"
"623","13","2020213392","C,C,A,D"," 1,2,3,4,"," ","2022/11/7 13:00:12","2022/11/7 13:02:12","00:01:59","100","4"
"624","6","2020213241","B,C,B,A"," 1,2,3,4,"," ","2022/11/8 下午2:59:43","2022/11/8 下午3:02:45","00:03:02","100","4"
"625","7","2020213241","B,C,D,B"," 1,2,3,4,"," ","2022/11/8 下午3:07:24","2022/11/8 下午3:16:21","00:08:56","100","4"
"626","8","2020213241","A,A,C,D"," 1,2,3,4,"," ","2022/11/8 下午3:20:30","2022/11/8 下午3:24:27","00:03:56","100","4"
"627","9","2020213241","B,A,C,A"," 1,2,3,"," 4,","2022/11/8 下午3:33:02","2022/11/8 下午3:38:24","00:05:21","75","3"
"628","10","2020213343","C,C,D,D"," 1,2,"," 3,4,","2022/11/12 16:30:16","2022/11/12 16:35:15","00:04:59","50","2"
"629","11","2020213343","D,C,A,B"," 1,2,3,"," 4,","2022/11/12 16:36:45","2022/11/12 16:38:35","00:01:49","75","3"
"630","12","2020213343","C,A,D,D"," 1,2,3,4,"," ","2022/11/12 16:48:43","2022/11/12 16:52:18","00:03:35","100","4"
"631","13","2020213343","C,C,A,D"," 1,2,3,4,"," ","2022/11/12 16:58:50","2022/11/12 17:02:28","00:03:37","100","4"
"632","15","2020213323","B,D,B,A"," 1,2,3,"," 4,","2022/11/14 09:27:45","2022/11/14 09:29:50","00:02:05","75","3"
"633","13","2020213312","C,C,A,D"," 1,2,3,4,"," ","2022/11/14 11:59:51","2022/11/14 12:04:33","00:04:32","100","4"
"634","13","2020213381","C,C,A,D"," 1,2,3,4,"," ","2022/11/14 13:05:15","2022/11/14 13:06:57","00:01:42","100","4"
"635","15","2020213381","C,D,B,D"," 2,3,4,"," 1,","2022/11/14 13:20:24","2022/11/14 13:22:59","00:02:35","75","3"
"636","17","2020213381","A,A,C,D"," 1,2,3,4,"," ","2022/11/14 13:30:20","2022/11/14 13:32:12","00:01:51","100","4"
"637","15","2020213335","C,D,B,D"," 2,3,4,"," 1,","2022/11/14 下午9:39:53","2022/11/14 下午9:40:37","00:00:43","75","3"
"638","15","2020214470","C,D,A,C"," 2,"," 1,3,4,","2022/11/14 23:08:06","2022/11/14 23:13:17","00:05:09","25","1"
"639","17","2020214470","A,A,C,D"," 1,2,3,4,"," ","2022/11/14 23:22:46","2022/11/14 23:23:24","00:00:38","100","4"
"640","16","2020213355","A,D,B,D"," 1,2,3,4,"," ","2022/11/16 下午6:17:17","2022/11/16 下午6:18:41","00:01:23","100","4"
"641","17","2020213355","A,A,C,D"," 1,2,3,4,"," ","2022/11/16 下午6:19:27","2022/11/16 下午6:22:54","00:03:26","100","4"
"642","15","2020213355","B,D,B,D"," 1,2,3,4,"," ","2022/11/16 下午6:23:28","2022/11/16 下午6:24:32","00:01:04","100","4"
"643","15","2020213380","B,D,B,B"," 1,2,3,"," 4,","2022/11/18 09:34:52","2022/11/18 09:36:57","00:02:05","75","3"
"644","16","2020213380","A,D,B,D"," 1,2,3,4,"," ","2022/11/18 10:56:21","2022/11/18 11:02:14","00:05:52","100","4"
"645","17","2020213380","A,A,C,D"," 1,2,3,4,"," ","2022/11/18 11:16:58","2022/11/18 11:20:31","00:03:33","100","4"
"646","15","2020213353","B,D,B,D"," 1,2,3,4,"," ","2022/11/19 上午11:17:25","2022/11/19 上午11:20:13","00:02:47","100","4"
"647","16","2020213353","A,A,C,D"," 1,4,"," 2,3,","2022/11/19 下午12:57:19","2022/11/19 下午1:05:43","00:08:24","50","2"
"648","18","2020213355","A,B,A,B"," 1,2,3,4,"," ","2022/11/19 下午1:07:33","2022/11/19 下午1:09:07","00:01:34","100","4"
"649","17","2020213353","A,A,C,D"," 1,2,3,4,"," ","2022/11/19 下午1:13:31","2022/11/19 下午1:18:40","00:05:08","100","4"
"650","18","2020213353","A,B,A,B"," 1,2,3,4,"," ","2022/11/19 下午1:24:07","2022/11/19 下午1:24:13","00:00:06","100","4"
"651","19","2020213355","B,D,A,A"," 1,2,3,4,"," ","2022/11/19 下午1:17:58","2022/11/19 下午1:24:15","00:06:17","100","4"
"652","20","2020213355","B,C,A,A"," 1,2,3,4,"," ","2022/11/19 下午1:26:09","2022/11/19 下午1:27:23","00:01:14","100","4"
"653","19","2020213353","B,C,A,A"," 1,3,4,"," 2,","2022/11/19 下午1:32:41","2022/11/19 下午1:34:01","00:01:19","75","3"
"654","20","2020213353","B,C,A,A"," 1,2,3,4,"," ","2022/11/19 下午1:38:30","2022/11/19 下午1:38:38","00:00:07","100","4"
"655","15","2020213336","B,D,B,D"," 1,2,3,4,"," ","2022/11/19 20:49:49","2022/11/19 20:54:31","00:04:42","100","4"
"656","16","2020213336","A,D,B,D"," 1,2,3,4,"," ","2022/11/19 21:09:18","2022/11/19 21:13:09","00:03:51","100","4"
"657","17","2020213336","A,A,C,D"," 1,2,3,4,"," ","2022/11/19 21:20:25","2022/11/19 21:23:00","00:02:34","100","4"
"658","18","2020213336","B,B,A,A"," 2,3,"," 1,4,","2022/11/19 21:29:05","2022/11/19 21:32:42","00:03:37","50","2"
"659","19","2020213336","B,B,A,A"," 1,3,4,"," 2,","2022/11/19 21:48:36","2022/11/19 21:54:58","00:06:21","75","3"
"660","20","2020213336","B,D,A,A"," 1,3,4,"," 2,","2022/11/19 21:59:50","2022/11/19 22:05:14","00:05:23","75","3"
"661","13","2020213313","C,C,A,D"," 1,2,3,4,"," ","2022/11/20 10:03:17","2022/11/20 10:05:12","00:01:54","100","4"
"662","15","2020213313","B,D,B,D"," 1,2,3,4,"," ","2022/11/20 10:32:17","2022/11/20 10:38:24","00:06:07","100","4"
"663","16","2020213313","A,B,B,D"," 1,3,4,"," 2,","2022/11/20 10:41:13","2022/11/20 10:45:32","00:04:19","75","3"
"664","15","2020213343","B,D,A,D"," 1,2,4,"," 3,","2022/11/20 14:33:28","2022/11/20 14:38:07","00:04:39","75","3"
"665","16","2020213343","A,A,B,D"," 1,3,4,"," 2,","2022/11/20 15:51:00","2022/11/20 15:55:02","00:04:02","75","3"
"666","17","2020213343","A,A,C,D"," 1,2,3,4,"," ","2022/11/20 16:03:45","2022/11/20 16:07:36","00:03:50","100","4"
"667","18","2020213343","A,B,B,B"," 1,2,4,"," 3,","2022/11/20 16:16:27","2022/11/20 16:19:38","00:03:10","75","3"
"668","12","2020213338","C,A,D,D"," 1,2,3,4,"," ","2022/11/20 16:40:11","2022/11/20 16:40:54","00:00:43","100","4"
"669","13","2020213338","C,C,A,D"," 1,2,3,4,"," ","2022/11/20 16:46:17","2022/11/20 16:46:46","00:00:28","100","4"
"670","19","2020213343","B,B,B,A"," 1,4,"," 2,3,","2022/11/20 16:41:11","2022/11/20 16:48:19","00:07:08","50","2"
"671","20","2020213343","B,C,A,A"," 1,2,3,4,"," ","2022/11/20 16:52:26","2022/11/20 16:55:01","00:02:35","100","4"
"672","15","2020213338","B,D,B,C"," 1,2,3,"," 4,","2022/11/20 16:57:04","2022/11/20 16:58:50","00:01:46","75","3"
"673","15","2020213392","B,D,B,D"," 1,2,3,4,"," ","2022/11/20 17:03:22","2022/11/20 17:05:16","00:01:53","100","4"
"674","16","2020213392","A,A,B,D"," 1,3,4,"," 2,","2022/11/20 17:21:49","2022/11/20 17:25:48","00:03:58","75","3"
"675","17","2020213392","A,A,C,D"," 1,2,3,4,"," ","2022/11/20 17:31:07","2022/11/20 17:37:07","00:05:59","100","4"
"676","16","2020213323","A,D,B,D"," 1,2,3,4,"," ","2022/11/21 09:47:55","2022/11/21 09:50:01","00:02:06","100","4"
"677","15","2020213312","B,D,B,D"," 1,2,3,4,"," ","2022/11/21 10:37:34","2022/11/21 10:37:44","00:00:10","100","4"
"678","16","2020213312","B,D,B,D"," 2,3,4,"," 1,","2022/11/21 10:59:38","2022/11/21 11:01:15","00:01:37","75","3"
"679","17","2020213312","A,A,C,D"," 1,2,3,4,"," ","2022/11/21 11:10:41","2022/11/21 11:12:26","00:01:44","100","4"
"680","17","2020213323","A,A,B,D"," 1,2,4,"," 3,","2022/11/21 14:00:29","2022/11/21 14:01:29","00:00:59","75","3"
"681","3","2020213316","D,A,A,D"," 1,3,4,"," 2,","2022/11/21 15:31:29","2022/11/21 15:35:38","00:04:08","75","3"
"682","4","2020213316","A,B,B,A"," 1,2,3,"," 4,","2022/11/21 16:00:50","2022/11/21 16:04:08","00:03:18","75","3"
"683","5","2020213316","D,C,D,D"," 1,2,3,"," 4,","2022/11/21 16:04:28","2022/11/21 16:05:58","00:01:29","75","3"
"684","6","2020213316","B,C,B,A"," 1,2,3,4,"," ","2022/11/21 16:06:24","2022/11/21 16:09:08","00:02:44","100","4"
"685","15","2020213342","B,D,B,C"," 1,2,3,"," 4,","2022/11/21 16:12:33","2022/11/21 16:14:54","00:02:20","75","3"
"686","7","2020213316","B,C,D,D"," 1,2,3,"," 4,","2022/11/21 16:09:46","2022/11/21 16:16:01","00:06:14","75","3"
"687","8","2020213316","A,A,C,D"," 1,2,3,4,"," ","2022/11/21 16:16:32","2022/11/21 16:18:09","00:01:36","100","4"
"688","9","2020213316","B,A,D,A"," 1,2,"," 3,4,","2022/11/21 16:18:33","2022/11/21 16:20:27","00:01:53","50","2"
"689","10","2020213316","C,C,A,D"," 1,2,3,"," 4,","2022/11/21 16:21:54","2022/11/21 16:27:25","00:05:30","75","3"
"690","16","2020213342","A,D,B,D"," 1,2,3,4,"," ","2022/11/21 16:37:34","2022/11/21 16:37:45","00:00:10","100","4"
"691","17","2020213342","A,A,C,D"," 1,2,3,4,"," ","2022/11/21 17:57:35","2022/11/21 17:57:41","00:00:05","100","4"
"692","15","2020213327","B,D,B,D"," 1,2,3,4,"," ","2022/11/23 上午1:35:51","2022/11/23 上午1:36:46","00:00:54","100","4"
"693","16","2020213327","A,A,B,D"," 1,3,4,"," 2,","2022/11/23 上午1:59:07","2022/11/23 上午2:01:44","00:02:36","75","3"
"694","17","2020213327","A,A,C,D"," 1,2,3,4,"," ","2022/11/23 上午2:08:56","2022/11/23 上午2:15:27","00:06:31","100","4"
"695","18","2020213380","A,B,A,B"," 1,2,3,4,"," ","2022/11/23 09:55:23","2022/11/23 09:56:44","00:01:21","100","4"
"696","19","2020213380","B,B,A,A"," 1,3,4,"," 2,","2022/11/23 10:40:22","2022/11/23 10:44:21","00:03:59","75","3"
"697","20","2020213380","B,C,A,A"," 1,2,3,4,"," ","2022/11/23 10:49:35","2022/11/23 10:50:10","00:00:35","100","4"
"698","13","2020213322","C,C,A,D"," 1,2,3,4,"," ","2022/11/23 10:49:05","2022/11/23 10:52:07","00:03:01","100","4"
"699","18","2020213327","A,B,A,B"," 1,2,3,4,"," ","2022/11/23 下午1:26:15","2022/11/23 下午1:27:24","00:01:09","100","4"
"700","19","2020213327","B,B,A,A"," 1,3,4,"," 2,","2022/11/23 下午2:29:01","2022/11/23 下午2:35:30","00:06:28","75","3"
"701","20","2020213327","B,C,A,A"," 1,2,3,4,"," ","2022/11/23 下午2:40:07","2022/11/23 下午2:41:08","00:01:01","100","4"
"702","6","2020213345","B,C,B,A"," 1,2,3,4,"," ","2022/11/23 17:52:55","2022/11/23 17:53:51","00:00:56","100","4"
"703","7","2020213345","B,C,D,B"," 1,2,3,4,"," ","2022/11/23 17:59:52","2022/11/23 18:01:10","00:01:17","100","4"
"704","8","2020213345","A,A,C,D"," 1,2,3,4,"," ","2022/11/23 18:06:32","2022/11/23 18:07:40","00:01:04","100","4"
"705","9","2020213345","B,A,C,D"," 1,2,3,4,"," ","2022/11/23 18:14:06","2022/11/23 18:15:24","00:01:18","100","4"
"706","12","2020213345","C,A,D,D"," 1,2,3,4,"," ","2022/11/23 18:23:30","2022/11/23 18:24:18","00:00:47","100","4"
"707","13","2020213345","C,C,D,D"," 1,2,4,"," 3,","2022/11/23 18:29:25","2022/11/23 18:32:42","00:03:16","75","3"
"708","15","2020213345","B,D,B,D"," 1,2,3,4,"," ","2022/11/23 19:54:17","2022/11/23 19:59:03","00:04:45","100","4"
"709","16","2020213345","B,A,B,D"," 3,4,"," 1,2,","2022/11/23 20:11:04","2022/11/23 20:17:25","00:06:21","50","2"
"710","9","2020213352","B,A,C,D"," 1,2,3,4,"," ","2022/11/23 下午9:27:39","2022/11/23 下午9:30:43","00:03:04","100","4"
"711","12","2020213352","C,A,D,D"," 1,2,3,4,"," ","2022/11/23 下午9:44:59","2022/11/23 下午9:51:28","00:06:29","100","4"
"712","13","2020213352","C,C,A,D"," 1,2,3,4,"," ","2022/11/23 下午9:58:06","2022/11/23 下午10:06:03","00:07:56","100","4"
"713","15","2020213352","B,D,B,D"," 1,2,3,4,"," ","2022/11/23 下午10:14:52","2022/11/23 下午10:19:30","00:04:38","100","4"
"714","16","2020213352","A,D,B,D"," 1,2,3,4,"," ","2022/11/23 下午10:31:05","2022/11/23 下午10:37:04","00:05:59","100","4"
"715","16","2020213335","A,D,B,D"," 1,2,3,4,"," ","2022/11/26 下午2:29:10","2022/11/26 下午2:31:51","00:02:41","100","4"
"716","17","2020213335","A,A,C,D"," 1,2,3,4,"," ","2022/11/26 下午2:45:08","2022/11/26 下午2:46:28","00:01:20","100","4"
"717","18","2020213342","A,B,A,B"," 1,2,3,4,"," ","2022/11/27 21:29:18","2022/11/27 21:30:13","00:00:55","100","4"
"718","19","2020213342","B,D,A,A"," 1,2,3,4,"," ","2022/11/27 22:54:27","2022/11/27 22:54:39","00:00:12","100","4"
"719","20","2020213342","B,C,A,A"," 1,2,3,4,"," ","2022/11/27 23:06:03","2022/11/27 23:06:10","00:00:06","100","4"
"720","18","2020213312","A,B,A,B"," 1,2,3,4,"," ","2022/11/28 12:51:46","2022/11/28 12:54:59","00:03:12","100","4"
"721","19","2020213312","B,D,A,A"," 1,2,3,4,"," ","2022/11/28 13:30:09","2022/11/28 13:31:20","00:01:11","100","4"
"722","20","2020213312","B,C,A,A"," 1,2,3,4,"," ","2022/11/28 13:37:47","2022/11/28 13:37:59","00:00:12","100","4"
"723","18","2020213392","A,B,A,B"," 1,2,3,4,"," ","2022/11/28 14:02:24","2022/11/28 14:05:14","00:02:49","100","4"
"724","15","2020213369","B,D,B,D"," 1,2,3,4,"," ","2022/11/28 下午2:22:31","2022/11/28 下午2:25:06","00:02:34","100","4"
"725","16","2020213369","B,D,B,D"," 2,3,4,"," 1,","2022/11/28 下午2:49:29","2022/11/28 下午2:53:30","00:04:01","75","3"
"726","17","2020213369","A,A,C,D"," 1,2,3,4,"," ","2022/11/28 下午3:02:45","2022/11/28 下午3:05:07","00:02:12","100","4"
"727","18","2020213369","B,B,A,B"," 2,3,4,"," 1,","2022/11/28 下午3:14:21","2022/11/28 下午3:17:09","00:02:48","75","3"
"728","19","2020213369","B,B,A,A"," 1,3,4,"," 2,","2022/11/28 下午3:38:22","2022/11/28 下午3:46:14","00:07:45","75","3"
"729","20","2020213369","B,C,A,A"," 1,2,3,4,"," ","2022/11/28 下午3:50:55","2022/11/28 下午3:52:52","00:01:57","100","4"
"730","21","2020213380","D,A,C,D"," 1,2,3,4,"," ","2022/11/28 19:35:21","2022/11/28 19:36:13","00:00:51","100","4"
"731","22","2020213380","D,B,B,A"," 1,3,4,"," 2,","2022/11/28 19:46:31","2022/11/28 19:49:03","00:02:31","75","3"
"732","15","2020213322","B,D,B,D"," 1,2,3,4,"," ","2022/11/28 22:04:38","2022/11/28 22:06:05","00:01:25","100","4"
"733","16","2020213322","A,D,B,D"," 1,2,3,4,"," ","2022/11/29 16:38:00","2022/11/29 16:38:06","00:00:05","100","4"
"734","17","2020213322","A,A,C,D"," 1,2,3,4,"," ","2022/11/29 16:41:37","2022/11/29 16:45:16","00:03:34","100","4"
"735","6","2020213326","B,C,B,A"," 1,2,3,4,"," ","2022/11/30 15:02:56","2022/11/30 15:07:25","00:04:28","100","4"
"736","7","2020213326","B,C,D,B"," 1,2,3,4,"," ","2022/11/30 15:12:14","2022/11/30 15:23:14","00:11:00","100","4"
"737","8","2020213326","A,A,C,D"," 1,2,3,4,"," ","2022/11/30 15:27:36","2022/11/30 15:30:05","00:02:29","100","4"
"738","9","2020213326","B,A,C,A"," 1,2,3,"," 4,","2022/11/30 15:35:01","2022/11/30 15:41:05","00:06:04","75","3"
"739","10","2020213326","B,C,A,D"," 2,3,"," 1,4,","2022/11/30 15:47:20","2022/11/30 15:50:29","00:03:08","50","2"
"740","11","2020213326","D,C,A,B"," 1,2,3,"," 4,","2022/11/30 15:59:02","2022/11/30 16:02:47","00:03:44","75","3"
"741","12","2020213326","C,A,D,D"," 1,2,3,4,"," ","2022/11/30 16:14:38","2022/11/30 16:16:32","00:01:54","100","4"
"742","13","2020213326","C,C,A,D"," 1,2,3,4,"," ","2022/11/30 16:19:55","2022/11/30 16:23:27","00:03:31","100","4"
"743","15","2020213326","B,D,B,D"," 1,2,3,4,"," ","2022/11/30 16:31:21","2022/11/30 16:34:15","00:02:53","100","4"
"744","16","2020213326","A,D,B,D"," 1,2,3,4,"," ","2022/11/30 17:11:51","2022/11/30 17:18:19","00:06:27","100","4"
"745","21","2020213342","D,A,C,D"," 1,2,3,4,"," ","2022/11/30 23:12:52","2022/11/30 23:20:47","00:07:54","100","4"
"746","22","2020213342","D,A,B,A"," 1,2,3,4,"," ","2022/11/30 23:35:10","2022/11/30 23:35:17","00:00:07","100","4"
"747","23","2020213342","D,A,A,B"," 1,2,3,4,"," ","2022/11/30 23:38:03","2022/11/30 23:43:13","00:05:09","100","4"
"748","23","2020213380","D,A,A,B"," 1,2,3,4,"," ","2022/12/1 12:13:47","2022/12/1 12:15:48","00:02:01","100","4"
"749","15","2020213308","B,D,B,D"," 1,2,3,4,"," ","2022/12/1 下午3:44:42","2022/12/1 下午3:47:25","00:02:42","100","4"
"750","16","2020213308","A,D,D,D"," 1,2,4,"," 3,","2022/12/1 下午4:14:30","2022/12/1 下午4:20:25","00:05:54","75","3"
"751","17","2020213308","A,A,C,D"," 1,2,3,4,"," ","2022/12/1 下午4:30:58","2022/12/1 下午4:39:44","00:08:46","100","4"
"752","6","2020213341","B,C,B,A"," 1,2,3,4,"," ","2022/12/3 22:07:16","2022/12/3 22:16:39","00:09:22","100","4"
"753","7","2020213341","B,C,D,D"," 1,2,3,"," 4,","2022/12/3 22:32:45","2022/12/3 22:44:00","00:11:14","75","3"
"754","8","2020213341","A,A,C,D"," 1,2,3,4,"," ","2022/12/3 23:30:09","2022/12/3 23:30:39","00:00:30","100","4"
"755","18","2020214470","B,B,B,B"," 2,4,"," 1,3,","2022/12/4 02:19:29","2022/12/4 02:21:19","00:01:49","50","2"
"756","9","2020213341","B,A,C,D"," 1,2,3,4,"," ","2022/12/4 11:30:31","2022/12/4 11:36:12","00:05:40","100","4"
"757","10","2020213341","C,C,A,C"," 1,2,3,4,"," ","2022/12/4 11:44:37","2022/12/4 11:49:02","00:04:24","100","4"
"758","11","2020213341","C,C,A,B"," 2,3,"," 1,4,","2022/12/4 12:02:37","2022/12/4 12:04:25","00:01:48","50","2"
"759","12","2020213341","C,A,D,D"," 1,2,3,4,"," ","2022/12/4 12:24:01","2022/12/4 12:24:53","00:00:52","100","4"
"760","13","2020213341","C,C,A,D"," 1,2,3,4,"," ","2022/12/4 12:25:26","2022/12/4 12:26:16","00:00:49","100","4"
"761","15","2020213341","B,D,B,D"," 1,2,3,4,"," ","2022/12/4 12:27:51","2022/12/4 12:28:34","00:00:43","100","4"
"762","16","2020213341","A,D,B,D"," 1,2,3,4,"," ","2022/12/4 12:29:40","2022/12/4 12:30:22","00:00:41","100","4"
"763","17","2020213341","A,A,C,D"," 1,2,3,4,"," ","2022/12/4 12:31:03","2022/12/4 12:31:28","00:00:24","100","4"
"764","18","2020213341","A,B,A,B"," 1,2,3,4,"," ","2022/12/4 12:31:53","2022/12/4 12:32:41","00:00:48","100","4"
"765","19","2020213341","B,D,A,A"," 1,2,3,4,"," ","2022/12/4 12:33:15","2022/12/4 12:34:42","00:01:26","100","4"
"766","20","2020213341","B,C,A,A"," 1,2,3,4,"," ","2022/12/4 12:35:21","2022/12/4 12:35:37","00:00:16","100","4"
"767","21","2020213341","D,A,C,D"," 1,2,3,4,"," ","2022/12/4 12:37:42","2022/12/4 12:38:01","00:00:18","100","4"
"768","22","2020213341","D,A,B,A"," 1,2,3,4,"," ","2022/12/4 12:41:29","2022/12/4 12:43:10","00:01:40","100","4"
"769","23","2020213341","D,A,A,B"," 1,2,3,4,"," ","2022/12/4 12:45:17","2022/12/4 12:45:35","00:00:17","100","4"
"770","6","2020213330","B,D,B,A"," 1,3,4,"," 2,","2022/12/4 13:39:30","2022/12/4 13:40:24","00:00:53","75","3"
"771","7","2020213330","B,C,D,B"," 1,2,3,4,"," ","2022/12/4 13:42:00","2022/12/4 13:44:20","00:02:19","100","4"
"772","8","2020213330","A,A,C,D"," 1,2,3,4,"," ","2022/12/4 13:45:12","2022/12/4 13:45:22","00:00:10","100","4"
"773","9","2020213330","B,A,C,D"," 1,2,3,4,"," ","2022/12/4 13:45:46","2022/12/4 13:45:59","00:00:13","100","4"
"774","10","2020213330","C,C,A,C"," 1,2,3,4,"," ","2022/12/4 13:46:50","2022/12/4 13:46:56","00:00:05","100","4"
"775","11","2020213330","D,C,A,C"," 1,2,3,4,"," ","2022/12/4 13:47:27","2022/12/4 13:47:31","00:00:03","100","4"
"776","12","2020213330","C,A,D,D"," 1,2,3,4,"," ","2022/12/4 13:48:49","2022/12/4 13:48:54","00:00:05","100","4"
"777","13","2020213330","B,D,B,D"," 4,"," 1,2,3,","2022/12/4 13:50:19","2022/12/4 13:50:25","00:00:06","25","1"
"778","15","2020213330","B,D,B,D"," 1,2,3,4,"," ","2022/12/4 13:51:24","2022/12/4 13:51:29","00:00:04","100","4"
"779","16","2020213330","A,D,B,D"," 1,2,3,4,"," ","2022/12/4 13:52:36","2022/12/4 13:52:41","00:00:05","100","4"
"780","17","2020213330","A,A,C,D"," 1,2,3,4,"," ","2022/12/4 13:54:21","2022/12/4 13:54:26","00:00:05","100","4"
"781","18","2020213330","A,B,A,B"," 1,2,3,4,"," ","2022/12/4 13:56:02","2022/12/4 13:56:05","00:00:03","100","4"
"782","19","2020213330","B,D,A,A"," 1,2,3,4,"," ","2022/12/4 13:57:29","2022/12/4 13:57:32","00:00:03","100","4"
"783","20","2020213330","B,C,A,A"," 1,2,3,4,"," ","2022/12/4 13:59:00","2022/12/4 13:59:05","00:00:05","100","4"
"784","21","2020213330","D,A,C,D"," 1,2,3,4,"," ","2022/12/4 14:00:00","2022/12/4 14:00:04","00:00:03","100","4"
"785","22","2020213330","D,A,B,A"," 1,2,3,4,"," ","2022/12/4 14:01:00","2022/12/4 14:01:05","00:00:05","100","4"
"786","23","2020213330","D,A,A,B"," 1,2,3,4,"," ","2022/12/4 14:02:28","2022/12/4 14:02:32","00:00:03","100","4"
"787","19","2020214470","B,D,A,A"," 1,2,3,4,"," ","2022/12/4 15:29:17","2022/12/4 15:32:44","00:03:26","100","4"
"788","20","2020214470","B,C,A,B"," 1,2,3,"," 4,","2022/12/4 15:47:28","2022/12/4 15:49:37","00:02:08","75","3"
"789","21","2020213343","D,A,C,D"," 1,2,3,4,"," ","2022/12/4 15:51:41","2022/12/4 15:51:50","00:00:08","100","4"
"790","22","2020213343","D,B,B,A"," 1,3,4,"," 2,","2022/12/4 15:59:43","2022/12/4 16:01:45","00:02:01","75","3"
"791","23","2020213343","D,A,A,B"," 1,2,3,4,"," ","2022/12/4 16:09:46","2022/12/4 16:11:50","00:02:04","100","4"
"792","21","2020214470","D,A,C,D"," 1,2,3,4,"," ","2022/12/4 16:56:51","2022/12/4 16:57:13","00:00:21","100","4"
"793","21","2020213312","D,A,C,D"," 1,2,3,4,"," ","2022/12/5 15:54:54","2022/12/5 15:55:05","00:00:11","100","4"
"794","22","2020213312","B,B,B,A"," 3,4,"," 1,2,","2022/12/5 16:19:47","2022/12/5 16:20:28","00:00:40","50","2"
"795","23","2020213312","D,A,A,B"," 1,2,3,4,"," ","2022/12/5 16:33:07","2022/12/5 16:34:34","00:01:12","100","4"
"796","21","2020213355","D,A,C,D"," 1,2,3,4,"," ","2022/12/6 上午11:21:17","2022/12/6 上午11:21:41","00:00:23","100","4"
"797","22","2020213355","D,B,B,A"," 1,3,4,"," 2,","2022/12/6 上午11:26:18","2022/12/6 上午11:26:25","00:00:07","75","3"
"798","23","2020213355","D,A,A,B"," 1,2,3,4,"," ","2022/12/6 上午11:30:05","2022/12/6 上午11:31:08","00:01:03","100","4"
"799","21","2020213336","D,A,C,D"," 1,2,3,4,"," ","2022/12/7 19:23:30","2022/12/7 19:28:02","00:04:32","100","4"
"800","22","2020213336","B,B,B,A"," 3,4,"," 1,2,","2022/12/7 19:41:10","2022/12/7 19:43:27","00:02:17","50","2"
"801","23","2020213336","D,A,A,B"," 1,2,3,4,"," ","2022/12/7 19:52:08","2022/12/7 19:58:02","00:05:54","100","4"
"802","1","2020213351","B,C,C,D"," 1,2,3,4,"," ","2022/12/8 16:58:09","2022/12/8 17:02:53","00:04:43","100","4"
"803","2","2020213351","A,B,B,C"," 1,2,3,4,"," ","2022/12/8 17:05:48","2022/12/8 17:07:11","00:01:21","100","4"
"804","3","2020213351","D,D,A,A"," 1,2,3,"," 4,","2022/12/8 17:10:49","2022/12/8 17:15:37","00:03:59","75","3"
"805","4","2020213351","A,B,B,D"," 1,2,3,"," 4,","2022/12/8 17:19:19","2022/12/8 17:21:02","00:01:24","75","3"
"806","5","2020213351","D,C,D,B"," 1,2,3,4,"," ","2022/12/8 17:26:30","2022/12/8 17:29:15","00:02:17","100","4"
"807","13","2020213337","C,C,A,D"," 1,2,3,4,"," ","2022/12/9 20:40:31","2022/12/9 20:45:10","00:04:39","100","4"
"808","15","2020213331","B,D,B,D"," 1,2,3,4,"," ","2022/12/9 下午9:49:03","2022/12/9 下午9:54:17","00:05:12","100","4"
"809","15","2020213337","B,D,B,D"," 1,2,3,4,"," ","2022/12/9 22:02:07","2022/12/9 22:05:56","00:03:48","100","4"
"810","16","2020213331","B,D,B,D"," 2,3,4,"," 1,","2022/12/9 下午10:15:46","2022/12/9 下午10:23:47","00:08:01","75","3"
"811","17","2020213331","A,A,C,A"," 1,2,3,"," 4,","2022/12/9 下午10:30:57","2022/12/9 下午10:37:10","00:06:12","75","3"
"812","16","2020213337","B,D,B,D"," 2,3,4,"," 1,","2022/12/9 22:39:37","2022/12/9 22:42:14","00:02:36","75","3"
"813","17","2020213337","A,A,C,D"," 1,2,3,4,"," ","2022/12/9 22:50:10","2022/12/9 22:55:47","00:05:37","100","4"
"814","18","2020213337","A,B,A,B"," 1,2,3,4,"," ","2022/12/9 23:04:09","2022/12/9 23:13:00","00:08:43","100","4"
"815","19","2020213337","B,D,A,A"," 1,2,3,4,"," ","2022/12/9 23:35:43","2022/12/9 23:41:09","00:05:26","100","4"
"816","20","2020213337","B,C,A,B"," 1,2,3,"," 4,","2022/12/9 23:45:06","2022/12/9 23:48:04","00:02:57","75","3"
"817","19","2020213392","B,D,A,A"," 1,2,3,4,"," ","2022/12/12 13:27:57","2022/12/12 13:31:17","00:03:19","100","4"
"818","20","2020213392","B,C,A,A"," 1,2,3,4,"," ","2022/12/12 13:34:44","2022/12/12 13:35:19","00:00:34","100","4"
"819","18","2020213308","A,B,B,B"," 1,2,4,"," 3,","2022/12/12 下午1:50:40","2022/12/12 下午1:53:37","00:02:56","75","3"
"820","19","2020213308","B,D,A,A"," 1,2,3,4,"," ","2022/12/12 下午2:18:24","2022/12/12 下午2:24:20","00:05:56","100","4"
"821","20","2020213308","B,D,A,A"," 1,3,4,"," 2,","2022/12/12 下午2:28:54","2022/12/12 下午2:29:31","00:00:37","75","3"
"822","21","2020213308","D,A,C,D"," 1,2,3,4,"," ","2022/12/12 下午3:31:08","2022/12/12 下午3:34:27","00:03:18","100","4"
"823","22","2020213308","D,B,B,A"," 1,3,4,"," 2,","2022/12/12 下午3:47:36","2022/12/12 下午3:51:20","00:03:43","75","3"
"824","21","2020213392","D,A,C,D"," 1,2,3,4,"," ","2022/12/12 15:53:03","2022/12/12 15:53:30","00:00:26","100","4"
"825","23","2020213308","D,A,A,B"," 1,2,3,4,"," ","2022/12/12 下午3:56:47","2022/12/12 下午3:58:33","00:01:45","100","4"
"826","22","2020213392","D,B,B,A"," 1,3,4,"," 2,","2022/12/12 16:27:11","2022/12/12 16:29:50","00:02:38","75","3"
"827","23","2020213392","D,A,A,B"," 1,2,3,4,"," ","2022/12/12 16:34:58","2022/12/12 16:36:02","00:01:03","100","4"
"828","21","2020213369","D,A,C,D"," 1,2,3,4,"," ","2022/12/12 下午5:30:59","2022/12/12 下午5:33:24","00:02:24","100","4"
"829","22","2020213369","C,B,B,A"," 3,4,"," 1,2,","2022/12/12 下午5:41:10","2022/12/12 下午5:43:34","00:02:23","50","2"
"830","23","2020213369","A,A,A,B"," 2,3,4,"," 1,","2022/12/12 下午5:49:37","2022/12/12 下午5:52:20","00:02:42","75","3"
"831","18","2020213335","A,B,A,B"," 1,2,3,4,"," ","2022/12/12 下午7:54:26","2022/12/12 下午7:56:20","00:01:54","100","4"
"832","13","2020213348","C,C,A,D"," 1,2,3,4,"," ","2022/12/13 09:40:39","2022/12/13 09:41:09","00:00:30","100","4"
"833","19","2020213335","B,D,A,A"," 1,2,3,4,"," ","2022/12/13 下午12:45:17","2022/12/13 下午12:45:47","00:00:30","100","4"
"834","20","2020213335","B,C,A,A"," 1,2,3,4,"," ","2022/12/13 下午12:52:34","2022/12/13 下午12:52:49","00:00:14","100","4"
"835","21","2020213335","D,A,C,D"," 1,2,3,4,"," ","2022/12/13 下午2:25:39","2022/12/13 下午2:29:59","00:04:19","100","4"
"836","22","2020213335","D,A,B,A"," 1,2,3,4,"," ","2022/12/13 下午2:37:51","2022/12/13 下午2:38:29","00:00:38","100","4"
"837","23","2020213335","D,A,A,B"," 1,2,3,4,"," ","2022/12/13 下午2:48:00","2022/12/13 下午2:48:31","00:00:30","100","4"
"838","10","2020213344","B,C,D,D"," 2,"," 1,3,4,","2022/12/14 18:26:55","2022/12/14 18:30:18","00:03:22","25","1"
"839","11","2020213344","D,C,A,B"," 1,2,3,"," 4,","2022/12/14 19:02:44","2022/12/14 19:06:31","00:03:47","75","3"
"840","12","2020213344","C,A,D,D"," 1,2,3,4,"," ","2022/12/14 19:22:28","2022/12/14 19:24:30","00:02:01","100","4"
"841","13","2020213344","C,C,A,D"," 1,2,3,4,"," ","2022/12/14 19:33:54","2022/12/14 19:37:53","00:03:59","100","4"
"842","15","2020213344","B,D,B,D"," 1,2,3,4,"," ","2022/12/14 19:57:36","2022/12/14 20:00:26","00:02:50","100","4"
"843","16","2020213344","C,B,B,D"," 3,4,"," 1,2,","2022/12/14 20:39:47","2022/12/14 20:42:42","00:02:55","50","2"
"844","17","2020213344","A,A,B,A"," 1,2,"," 3,4,","2022/12/14 20:49:34","2022/12/14 20:50:00","00:00:25","50","2"
"845","18","2020213344","B,B,B,A"," 2,"," 1,3,4,","2022/12/14 20:58:18","2022/12/14 20:58:53","00:00:34","25","1"
"846","15","2020213348","B,D,B,D"," 1,2,3,4,"," ","2022/12/15 00:24:27","2022/12/15 00:24:44","00:00:16","100","4"
"847","18","2020213323","A,B,A,B"," 1,2,3,4,"," ","2022/12/15 11:01:36","2022/12/15 11:02:14","00:00:38","100","4"
"848","19","2020213323","B,D,A,A"," 1,2,3,4,"," ","2022/12/15 11:25:12","2022/12/15 11:26:48","00:01:35","100","4"
"849","20","2020213323","B,A,A,A"," 1,3,4,"," 2,","2022/12/15 11:30:47","2022/12/15 11:32:25","00:01:38","75","3"
"850","21","2020213353","D,A,C,D"," 1,2,3,4,"," ","2022/12/15 上午11:51:20","2022/12/15 上午11:51:57","00:00:36","100","4"
"851","22","2020213353","D,B,B,A"," 1,3,4,"," 2,","2022/12/15 下午12:13:38","2022/12/15 下午12:14:57","00:01:18","75","3"
"852","23","2020213353","D,A,A,B"," 1,2,3,4,"," ","2022/12/15 下午1:13:36","2022/12/15 下午1:13:41","00:00:05","100","4"
"853","16","2020213348","A,D,B,D"," 1,2,3,4,"," ","2022/12/15 18:00:42","2022/12/15 18:01:02","00:00:19","100","4"
"854","17","2020213348","A,A,C,D"," 1,2,3,4,"," ","2022/12/15 20:29:52","2022/12/15 20:30:05","00:00:13","100","4"
"855","18","2020213348","A,B,A,B"," 1,2,3,4,"," ","2022/12/15 23:42:23","2022/12/15 23:42:35","00:00:11","100","4"
"856","19","2020213348","B,D,A,A"," 1,2,3,4,"," ","2022/12/16 00:30:24","2022/12/16 00:30:39","00:00:15","100","4"
"857","16","2020213338","A,D,B,D"," 1,2,3,4,"," ","2022/12/16 10:21:43","2022/12/16 10:22:14","00:00:31","100","4"
"858","17","2020213338","A,A,C,D"," 1,2,3,4,"," ","2022/12/16 10:30:23","2022/12/16 10:32:57","00:02:34","100","4"
"859","18","2020213338","A,B,A,B"," 1,2,3,4,"," ","2022/12/16 11:26:33","2022/12/16 11:27:04","00:00:31","100","4"
"860","20","2020213344","B,D,A,B"," 1,3,"," 2,4,","2022/12/16 12:14:05","2022/12/16 12:15:11","00:01:05","50","2"
"861","20","2020213348","B,C,A,A"," 1,2,3,4,"," ","2022/12/16 12:34:53","2022/12/16 12:35:15","00:00:22","100","4"
"862","21","2020213344","D,A,C,B"," 1,2,3,"," 4,","2022/12/16 12:50:43","2022/12/16 12:52:49","00:02:06","75","3"
"863","21","2020213348","D,A,C,D"," 1,2,3,4,"," ","2022/12/16 12:56:42","2022/12/16 12:56:55","00:00:12","100","4"
"864","22","2020213344","D,B,B,A"," 1,3,4,"," 2,","2022/12/16 13:01:59","2022/12/16 13:02:53","00:00:54","75","3"
"865","23","2020213344","C,D,A,D"," 3,"," 1,2,4,","2022/12/16 13:08:39","2022/12/16 13:09:03","00:00:24","25","1"
"866","22","2020213348","D,B,B,A"," 1,3,4,"," 2,","2022/12/16 13:14:30","2022/12/16 13:14:52","00:00:21","75","3"
"867","23","2020213348","D,A,A,B"," 1,2,3,4,"," ","2022/12/16 13:28:27","2022/12/16 13:31:44","00:03:16","100","4"
"868","19","2020213344","B,D,D,A"," 1,2,4,"," 3,","2022/12/16 13:40:59","2022/12/16 13:41:23","00:00:23","75","3"
"869","22","2020213323","D,B,B,A"," 1,3,4,"," 2,","2022/12/16 19:43:15","2022/12/16 19:43:42","00:00:26","75","3"
"870","23","2020213323","D,A,A,B"," 1,2,3,4,"," ","2022/12/16 19:49:11","2022/12/16 19:52:01","00:02:50","100","4"
"871","21","2020213323","D,A,C,D"," 1,2,3,4,"," ","2022/12/16 20:02:30","2022/12/16 20:03:35","00:01:04","100","4"
"872","19","2020213338","B,D,A,A"," 1,2,3,4,"," ","2022/12/17 09:43:31","2022/12/17 09:44:04","00:00:32","100","4"
"873","20","2020213338","B,C,A,A"," 1,2,3,4,"," ","2022/12/17 10:02:22","2022/12/17 10:02:48","00:00:26","100","4"
"874","21","2020213338","D,A,C,D"," 1,2,3,4,"," ","2022/12/17 16:51:04","2022/12/17 16:51:14","00:00:10","100","4"
"875","22","2020213338","D,B,B,A"," 1,3,4,"," 2,","2022/12/17 16:58:18","2022/12/17 16:58:54","00:00:35","75","3"
"876","23","2020213338","D,A,A,B"," 1,2,3,4,"," ","2022/12/17 17:03:23","2022/12/17 17:03:41","00:00:18","100","4"
"877","6","2020213375","B,C,B,A"," 1,2,3,4,"," ","2022/12/17 下午5:15:30","2022/12/17 下午5:31:45","00:16:15","100","4"
"878","7","2020213375","B,C,B,D"," 1,2,"," 3,4,","2022/12/17 下午5:38:25","2022/12/17 下午5:46:57","00:08:31","50","2"
"879","22","2020214470","B,B,B,A"," 3,4,"," 1,2,","2022/12/17 18:37:34","2022/12/17 18:38:48","00:01:13","50","2"
"880","23","2020214470","D,A,A,B"," 1,2,3,4,"," ","2022/12/17 19:20:29","2022/12/17 19:22:36","00:02:07","100","4"
"881","18","2020213331","A,B,A,B"," 1,2,3,4,"," ","2022/12/17 下午9:04:22","2022/12/17 下午9:06:34","00:02:12","100","4"
"882","19","2020213331","B,D,A,A"," 1,2,3,4,"," ","2022/12/17 下午9:27:55","2022/12/17 下午9:29:31","00:01:36","100","4"
"883","20","2020213331","B,C,A,A"," 1,2,3,4,"," ","2022/12/17 下午9:33:58","2022/12/17 下午9:37:26","00:03:27","100","4"
"884","21","2020213331","D,A,C,B"," 1,2,3,"," 4,","2022/12/17 下午9:48:56","2022/12/17 下午10:02:13","00:13:17","75","3"
"885","22","2020213331","D,B,B,A"," 1,3,4,"," 2,","2022/12/17 下午10:10:06","2022/12/17 下午10:11:09","00:01:02","75","3"
"886","23","2020213331","D,A,A,B"," 1,2,3,4,"," ","2022/12/17 下午10:17:16","2022/12/17 下午10:22:58","00:05:41","100","4"
"887","10","2020213241","B,C,A,D"," 2,3,"," 1,4,","2022/12/18 上午12:17:39","2022/12/18 上午12:34:45","00:17:05","50","2"
"888","11","2020213241","D,C,A,B"," 1,2,3,"," 4,","2022/12/18 上午12:43:40","2022/12/18 上午12:46:48","00:03:08","75","3"
"889","21","2020213327","D,A,C,D"," 1,2,3,4,"," ","2022/12/18 上午12:50:11","2022/12/18 上午12:51:04","00:00:52","100","4"
"890","12","2020213241","C,A,D,D"," 1,2,3,4,"," ","2022/12/18 上午12:52:30","2022/12/18 上午12:55:22","00:02:52","100","4"
"891","22","2020213327","D,B,B,A"," 1,3,4,"," 2,","2022/12/18 上午1:00:09","2022/12/18 上午1:01:30","00:01:21","75","3"
"892","13","2020213241","C,A,D,D"," 1,4,"," 2,3,","2022/12/18 上午12:58:44","2022/12/18 上午1:03:48","00:05:03","50","2"
"893","23","2020213327","D,A,A,B"," 1,2,3,4,"," ","2022/12/18 上午1:07:47","2022/12/18 上午1:09:21","00:01:34","100","4"
"894","15","2020213241","B,D,B,D"," 1,2,3,4,"," ","2022/12/18 上午1:18:22","2022/12/18 上午1:21:32","00:03:09","100","4"
"895","16","2020213241","A,D,B,D"," 1,2,3,4,"," ","2022/12/18 上午1:32:26","2022/12/18 上午1:37:12","00:04:45","100","4"
"896","17","2020213241","A,A,C,D"," 1,2,3,4,"," ","2022/12/18 上午1:44:04","2022/12/18 上午1:50:17","00:06:13","100","4"
"897","18","2020213241","A,B,A,B"," 1,2,3,4,"," ","2022/12/18 上午1:57:46","2022/12/18 上午2:00:20","00:02:34","100","4"
"898","21","2020213241","D,A,C,D"," 1,2,3,4,"," ","2022/12/18 上午2:06:55","2022/12/18 上午2:10:04","00:03:08","100","4"
"899","18","2020213322","A,B,A,B"," 1,2,3,4,"," ","2022/12/18 10:42:34","2022/12/18 10:44:26","00:01:49","100","4"
"900","19","2020213322","B,D,A,A"," 1,2,3,4,"," ","2022/12/18 10:55:52","2022/12/18 10:57:51","00:01:57","100","4"
"901","20","2020213322","B,C,A,B"," 1,2,3,"," 4,","2022/12/18 11:00:11","2022/12/18 11:01:59","00:01:45","75","3"
"902","21","2020213322","D,A,C,D"," 1,2,3,4,"," ","2022/12/18 11:08:10","2022/12/18 11:11:47","00:03:33","100","4"
"903","22","2020213322","D,A,B,A"," 1,2,3,4,"," ","2022/12/18 11:31:21","2022/12/18 11:32:05","00:00:44","100","4"
"904","23","2020213322","D,A,A,B"," 1,2,3,4,"," ","2022/12/18 11:58:59","2022/12/18 12:01:50","00:02:48","100","4"
"905","10","2020213345","C,C,A,C"," 1,2,3,4,"," ","2022/12/18 12:02:00","2022/12/18 12:05:15","00:03:14","100","4"
"906","11","2020213345","D,C,A,C"," 1,2,3,4,"," ","2022/12/18 12:13:52","2022/12/18 12:15:09","00:01:16","100","4"
"907","17","2020213345","A,A,C,D"," 1,2,3,4,"," ","2022/12/18 12:19:50","2022/12/18 12:21:12","00:01:21","100","4"
"908","18","2020213345","A,B,A,B"," 1,2,3,4,"," ","2022/12/18 12:26:42","2022/12/18 12:27:40","00:00:58","100","4"
"909","22","2020213345","D,B,B,A"," 1,3,4,"," 2,","2022/12/18 12:34:17","2022/12/18 12:37:12","00:02:55","75","3"
"910","10","2020213352","C,C,A,C"," 1,2,3,4,"," ","2022/12/18 下午1:13:48","2022/12/18 下午1:22:26","00:08:38","100","4"
"911","11","2020213352","D,C,A,C"," 1,2,3,4,"," ","2022/12/18 下午1:38:43","2022/12/18 下午1:43:05","00:04:21","100","4"
"912","23","2020213352","D,A,A,B"," 1,2,3,4,"," ","2022/12/18 下午1:48:38","2022/12/18 下午1:50:14","00:01:36","100","4"
"913","8","2020213375","A,A,C,D"," 1,2,3,4,"," ","2022/12/18 下午2:06:29","2022/12/18 下午2:10:34","00:04:05","100","4"
"914","21","2020213352","D,A,C,D"," 1,2,3,4,"," ","2022/12/18 下午2:11:34","2022/12/18 下午2:14:48","00:03:13","100","4"
"915","22","2020213352","D,A,B,A"," 1,2,3,4,"," ","2022/12/18 下午2:27:43","2022/12/18 下午2:32:08","00:04:24","100","4"
"916","17","2020213352","A,A,C,D"," 1,2,3,4,"," ","2022/12/18 下午2:39:11","2022/12/18 下午2:42:27","00:03:15","100","4"
"917","9","2020213375","B,A,C,A"," 1,2,3,"," 4,","2022/12/18 下午2:41:02","2022/12/18 下午2:43:29","00:02:27","75","3"
"918","18","2020213352","A,B,A,B"," 1,2,3,4,"," ","2022/12/18 下午2:51:49","2022/12/18 下午2:54:00","00:02:11","100","4"
"919","19","2020213352","B,B,A,A"," 1,3,4,"," 2,","2022/12/18 下午3:16:30","2022/12/18 下午3:19:24","00:02:53","75","3"
"920","22","2020213241","D,A,B,A"," 1,2,3,4,"," ","2022/12/18 下午3:25:18","2022/12/18 下午3:28:16","00:02:58","100","4"
"921","20","2020213352","B,D,A,A"," 1,3,4,"," 2,","2022/12/18 下午3:24:06","2022/12/18 下午3:28:59","00:04:53","75","3"
"922","23","2020213241","D,A,A,B"," 1,2,3,4,"," ","2022/12/18 下午3:31:05","2022/12/18 下午3:48:35","00:17:29","100","4"
"923","19","2020213241","B,D,A,A"," 1,2,3,4,"," ","2022/12/18 下午3:59:28","2022/12/18 下午4:05:12","00:05:44","100","4"
"924","20","2020213241","B,C,A,A"," 1,2,3,4,"," ","2022/12/18 下午4:09:39","2022/12/18 下午4:13:01","00:03:22","100","4"
"925","17","2020213326","A,A,C,D"," 1,2,3,4,"," ","2022/12/18 20:05:03","2022/12/18 20:09:55","00:04:51","100","4"
"926","18","2020213326","A,B,A,B"," 1,2,3,4,"," ","2022/12/18 20:14:13","2022/12/18 20:17:09","00:02:55","100","4"
"927","19","2020213326","B,D,A,A"," 1,2,3,4,"," ","2022/12/18 20:29:23","2022/12/18 20:41:12","00:11:49","100","4"
"928","20","2020213326","B,C,A,A"," 1,2,3,4,"," ","2022/12/18 20:41:50","2022/12/18 20:44:23","00:02:33","100","4"
"929","21","2020213326","D,A,C,D"," 1,2,3,4,"," ","2022/12/18 20:50:49","2022/12/18 20:52:28","00:01:38","100","4"
"930","22","2020213326","D,B,B,A"," 1,3,4,"," 2,","2022/12/18 20:56:28","2022/12/18 21:01:49","00:05:20","75","3"
"931","23","2020213326","D,A,A,B"," 1,2,3,4,"," ","2022/12/18 21:02:23","2022/12/18 21:06:23","00:04:00","100","4"
"932","6","2020213329","B,D,B,D"," 1,3,"," 2,4,","2022/12/18 21:25:42","2022/12/18 21:31:39","00:05:56","50","2"
"933","7","2020213329","B,B,A,B"," 1,4,"," 2,3,","2022/12/18 21:32:30","2022/12/18 21:42:24","00:09:54","50","2"
"934","8","2020213329","A,A,B,D"," 1,2,4,"," 3,","2022/12/18 21:43:01","2022/12/18 21:46:34","00:03:33","75","3"
"935","9","2020213329","B,A,C,A"," 1,2,3,"," 4,","2022/12/18 21:47:07","2022/12/18 21:49:50","00:02:42","75","3"
"936","10","2020213329","B,C,A,D"," 2,3,"," 1,4,","2022/12/18 21:50:12","2022/12/18 21:56:22","00:06:10","50","2"
"937","11","2020213329","D,C,A,B"," 1,2,3,"," 4,","2022/12/18 21:56:48","2022/12/18 22:00:25","00:03:37","75","3"
"938","12","2020213329","C,A,D,D"," 1,2,3,4,"," ","2022/12/18 22:00:42","2022/12/18 22:03:42","00:02:59","100","4"
"939","13","2020213329","C,C,A,D"," 1,2,3,4,"," ","2022/12/18 22:04:32","2022/12/18 22:08:52","00:04:20","100","4"
"940","6","2020213351","B,C,B,A"," 1,2,3,4,"," ","2022/12/19 10:08:01","2022/12/19 10:09:48","00:01:41","100","4"
"941","7","2020213351","B,B,A,D"," 1,"," 2,3,4,","2022/12/19 10:14:12","2022/12/19 10:16:51","00:02:15","25","1"
"942","8","2020213351","A,A,C,B"," 1,2,3,"," 4,","2022/12/19 10:21:04","2022/12/19 10:21:46","00:00:42","75","3"
"943","9","2020213351","B,A,C,D"," 1,2,3,4,"," ","2022/12/19 10:26:57","2022/12/19 10:27:37","00:00:37","100","4"
"944","10","2020213351","A,C,A,D"," 2,3,"," 1,4,","2022/12/19 10:32:45","2022/12/19 10:35:15","00:02:30","50","2"
"945","11","2020213351","D,C,A,B"," 1,2,3,"," 4,","2022/12/19 10:42:21","2022/12/19 10:43:12","00:00:50","75","3"
"946","12","2020213351","A,A,D,D"," 2,3,4,"," 1,","2022/12/19 10:48:00","2022/12/19 10:55:01","00:07:00","75","3"
"947","13","2020213351","C,C,D,D"," 1,2,4,"," 3,","2022/12/19 10:58:38","2022/12/19 10:59:17","00:00:39","75","3"
"948","15","2020213351","B,C,B,A"," 1,3,"," 2,4,","2022/12/19 11:06:14","2022/12/19 11:07:00","00:00:45","50","2"
"949","17","2020213329","D,A,C,D"," 2,3,4,"," 1,","2022/12/21 11:21:02","2022/12/21 11:31:18","00:10:16","75","3"
"950","16","2020213329","A,D,D,D"," 1,2,4,"," 3,","2022/12/21 11:31:36","2022/12/21 11:34:30","00:02:54","75","3"
"951","15","2020213329","B,D,B,D"," 1,2,3,4,"," ","2022/12/21 11:35:00","2022/12/21 11:36:48","00:01:48","100","4"
"952","18","2020213329","A,B,A,B"," 1,2,3,4,"," ","2022/12/21 11:37:15","2022/12/21 11:39:55","00:02:40","100","4"
"953","19","2020213329","B,D,C,A"," 1,2,4,"," 3,","2022/12/21 11:40:07","2022/12/21 11:44:24","00:04:16","75","3"
"954","20","2020213329","B,C,A,A"," 1,2,3,4,"," ","2022/12/21 11:44:41","2022/12/21 11:46:06","00:01:24","100","4"
"955","21","2020213329","C,B,C,D"," 3,4,"," 1,2,","2022/12/21 11:46:24","2022/12/21 11:51:06","00:04:41","50","2"
"956","22","2020213329","D,B,B,A"," 1,3,4,"," 2,","2022/12/21 11:51:34","2022/12/21 11:57:17","00:05:43","75","3"
"957","23","2020213329","D,A,A,B"," 1,2,3,4,"," ","2022/12/21 11:57:36","2022/12/21 12:02:11","00:04:35","100","4"
"958","13","2020213354","C,C,D,D"," 1,2,4,"," 3,","2022/12/25 21:31:39","2022/12/25 21:34:47","00:03:08","75","3"
"959","15","2020213354","B,D,B,D"," 1,2,3,4,"," ","2022/12/25 21:49:04","2022/12/25 21:50:56","00:01:51","100","4"
"960","16","2020213354","D,A,B,D"," 3,4,"," 1,2,","2022/12/25 22:12:24","2022/12/25 22:17:05","00:04:40","50","2"
"961","17","2020213354","A,A,C,D"," 1,2,3,4,"," ","2022/12/25 22:35:57","2022/12/25 22:38:26","00:02:29","100","4"
"962","18","2020213354","A,B,A,B"," 1,2,3,4,"," ","2022/12/26 13:40:25","2022/12/26 13:42:35","00:02:10","100","4"
"963","19","2020213354","B,D,A,A"," 1,2,3,4,"," ","2022/12/26 14:04:01","2022/12/26 14:19:28","00:08:00","100","4"
"964","20","2020213354","B,C,A,A"," 1,2,3,4,"," ","2022/12/26 14:23:26","2022/12/26 14:32:16","00:07:32","100","4"
"965","15","2020213347","B,D,B,D"," 1,2,3,4,"," ","2022/12/26 14:35:40","2022/12/26 14:36:44","00:01:03","100","4"
"966","21","2020213354","D,A,C,D"," 1,2,3,4,"," ","2022/12/26 14:43:58","2022/12/26 14:46:33","00:02:34","100","4"
"967","22","2020213354","D,B,B,A"," 1,3,4,"," 2,","2022/12/26 14:55:39","2022/12/26 15:09:28","00:04:23","75","3"
"968","23","2020213354","D,A,A,B"," 1,2,3,4,"," ","2022/12/26 15:16:19","2022/12/26 15:20:37","00:04:17","100","4"
"969","16","2020213347","A,D,A,D"," 1,2,4,"," 3,","2022/12/26 16:08:16","2022/12/26 16:11:28","00:03:12","75","3"
"970","17","2020213347","A,B,C,D"," 1,3,4,"," 2,","2022/12/26 16:19:58","2022/12/26 16:21:25","00:01:27","75","3"
"971","18","2020213347","A,B,A,A"," 1,2,3,"," 4,","2022/12/26 16:31:30","2022/12/26 16:32:57","00:01:27","75","3"
"972","19","2020213347","B,B,A,A"," 1,3,4,"," 2,","2022/12/26 16:56:34","2022/12/26 16:59:31","00:02:56","75","3"
"973","20","2020213347","B,C,A,A"," 1,2,3,4,"," ","2022/12/26 17:03:46","2022/12/26 17:04:18","00:00:31","100","4"
"974","21","2020213347","D,A,C,D"," 1,2,3,4,"," ","2022/12/26 17:18:59","2022/12/26 17:19:29","00:00:29","100","4"
"975","22","2020213347","D,B,B,A"," 1,3,4,"," 2,","2022/12/26 17:29:14","2022/12/26 17:29:53","00:00:38","75","3"
"976","23","2020213347","D,A,A,B"," 1,2,3,4,"," ","2022/12/26 17:37:00","2022/12/26 17:38:08","00:00:59","100","4"
"977","10","2020213375","C,C,A,D"," 1,2,3,"," 4,","2022/12/26 下午8:26:44","2022/12/26 下午8:37:20","00:10:36","75","3"
"978","11","2020213375","D,C,A,B"," 1,2,3,"," 4,","2022/12/26 下午8:45:25","2022/12/26 下午8:48:23","00:02:58","75","3"
"979","12","2020213375","C,A,D,D"," 1,2,3,4,"," ","2022/12/26 下午8:53:47","2022/12/26 下午8:56:50","00:02:59","100","4"
"980","13","2020213375","C,C,A,D"," 1,2,3,4,"," ","2022/12/26 下午9:00:20","2022/12/26 下午9:03:29","00:03:09","100","4"
"981","15","2020213375","B,D,B,D"," 1,2,3,4,"," ","2022/12/26 下午9:10:26","2022/12/26 下午9:12:36","00:02:10","100","4"
"982","16","2020213375","B,A,B,D"," 3,4,"," 1,2,","2022/12/26 下午9:23:38","2022/12/26 下午9:26:21","00:02:42","50","2"
"983","17","2020213375","A,A,C,D"," 1,2,3,4,"," ","2022/12/26 下午9:30:05","2022/12/26 下午9:32:44","00:02:38","100","4"
"984","18","2020213375","A,B,A,B"," 1,2,3,4,"," ","2022/12/26 下午9:40:55","2022/12/26 下午9:43:53","00:02:57","100","4"
"985","19","2020213375","B,D,A,A"," 1,2,3,4,"," ","2022/12/26 下午9:54:57","2022/12/26 下午9:59:37","00:04:39","100","4"
"986","20","2020213375","B,C,A,A"," 1,2,3,4,"," ","2022/12/26 下午10:02:29","2022/12/26 下午10:04:08","00:01:38","100","4"
"987","21","2020213375","D,A,C,C"," 1,2,3,"," 4,","2022/12/26 下午10:10:13","2022/12/26 下午10:13:56","00:03:42","75","3"
"988","22","2020213375","D,B,B,A"," 1,3,4,"," 2,","2022/12/26 下午10:18:17","2022/12/26 下午10:21:47","00:03:30","75","3"
"989","23","2020213375","D,A,A,B"," 1,2,3,4,"," ","2022/12/26 下午10:24:55","2022/12/26 下午10:28:03","00:03:08","100","4"
"990","6","2020213320","B,C,B,D"," 1,2,3,"," 4,","2022/12/29 19:38:52","2022/12/29 19:40:19","00:01:26","75","3"
"991","7","2020213320","B,B,D,A"," 1,3,"," 2,4,","2022/12/29 19:43:35","2022/12/29 19:45:01","00:01:25","50","2"
"992","8","2020213320","A,A,C,D"," 1,2,3,4,"," ","2022/12/29 19:48:48","2022/12/29 19:50:54","00:02:05","100","4"
"993","9","2020213320","B,A,C,C"," 1,2,3,"," 4,","2022/12/29 19:56:22","2022/12/29 19:56:56","00:00:33","75","3"
"994","10","2020213320","B,C,C,B"," 2,"," 1,3,4,","2022/12/29 19:58:25","2022/12/29 20:03:01","00:04:35","25","1"
"995","11","2020213320","D,C,A,B"," 1,2,3,"," 4,","2022/12/29 20:04:37","2022/12/29 20:05:31","00:00:54","75","3"
"996","12","2020213320","C,A,D,D"," 1,2,3,4,"," ","2022/12/29 20:10:53","2022/12/29 20:11:56","00:01:02","100","4"
"997","13","2020213320","C,C,A,D"," 1,2,3,4,"," ","2022/12/29 20:59:15","2022/12/29 20:59:32","00:00:16","100","4"
"998","15","2020213320","B,D,B,D"," 1,2,3,4,"," ","2022/12/29 21:06:35","2022/12/29 21:07:39","00:01:03","100","4"
"999","16","2020213320","B,D,D,D"," 2,4,"," 1,3,","2022/12/29 21:10:34","2022/12/29 21:13:33","00:02:58","50","2"
"1000","17","2020213320","B,A,C,D"," 2,3,4,"," 1,","2022/12/29 21:17:05","2022/12/29 21:19:40","00:02:35","75","3"
"1001","18","2020213320","A,B,A,A"," 1,2,3,"," 4,","2022/12/29 21:24:03","2022/12/29 21:26:32","00:02:28","75","3"
"1002","19","2020213320","B,D,A,A"," 1,2,3,4,"," ","2022/12/29 21:37:30","2022/12/29 21:41:59","00:04:29","100","4"
"1003","20","2020213320","B,C,A,A"," 1,2,3,4,"," ","2022/12/29 21:48:18","2022/12/29 21:49:25","00:01:06","100","4"
"1004","21","2020213320","D,B,C,D"," 1,3,4,"," 2,","2022/12/29 21:56:06","2022/12/29 21:59:03","00:02:57","75","3"
"1005","22","2020213320","D,B,B,A"," 1,3,4,"," 2,","2022/12/29 22:03:24","2022/12/29 22:05:04","00:01:39","75","3"
"1006","23","2020213320","D,A,A,B"," 1,2,3,4,"," ","2022/12/29 22:08:04","2022/12/29 22:10:39","00:02:35","100","4"
"1007","18","2020213313","B,B,A,B"," 2,3,4,"," 1,","2023/1/1 18:17:32","2023/1/1 18:29:12","00:11:37","75","3"
"1008","17","2020213313","B,A,B,A"," 2,"," 1,3,4,","2023/1/1 18:35:40","2023/1/1 18:44:40","00:08:59","25","1"
"1009","19","2020213313","B,C,A,A"," 1,3,4,"," 2,","2023/1/1 18:47:39","2023/1/1 18:55:04","00:07:24","75","3"
"1010","20","2020213313","B,C,A,A"," 1,2,3,4,"," ","2023/1/1 18:55:59","2023/1/1 19:06:21","00:10:21","100","4"
"1011","21","2020213313","D,A,C,D"," 1,2,3,4,"," ","2023/1/1 19:07:01","2023/1/1 19:11:22","00:04:21","100","4"
"1012","22","2020213313","D,B,B,A"," 1,3,4,"," 2,","2023/1/1 19:13:27","2023/1/1 19:18:15","00:04:47","75","3"
"1013","23","2020213313","D,A,A,B"," 1,2,3,4,"," ","2023/1/1 19:25:06","2023/1/1 19:29:45","00:04:39","100","4"
